datetimeAt,invno,dckw,ackw,dayTotal,wind_spd,temp,pres,ts
2021-12-01 00:00:00,1,0.0,0.0,0.0,4.6,-0.9,1007.7,1638284400.0
2021-12-01 00:00:00,4,0.0,0.0,0.0,4.6,-0.9,1007.7,1638284400.0
2021-12-01 00:00:00,2,0.0,0.0,0.0,4.6,-0.9,1007.7,1638284400.0
2021-12-01 00:00:00,3,0.0,0.0,0.0,4.6,-0.9,1007.7,1638284400.0
2021-12-01 00:00:00,5,0.0,0.0,0.0,4.6,-0.9,1007.7,1638284400.0
2021-12-01 01:00:00,1,0.0,0.0,0.0,9.8,-1.3,1007.7,1638288000.0
2021-12-01 01:00:00,4,0.0,0.0,0.0,9.8,-1.3,1007.7,1638288000.0
2021-12-01 01:00:00,2,0.0,0.0,0.0,9.8,-1.3,1007.7,1638288000.0
2021-12-01 01:00:00,3,0.0,0.0,0.0,9.8,-1.3,1007.7,1638288000.0
2021-12-01 01:00:00,5,0.0,0.0,0.0,9.8,-1.3,1007.7,1638288000.0
2021-12-01 02:00:00,1,0.0,0.0,0.0,10.3,-1.6,1007.7,1638291600.0
2021-12-01 02:00:00,4,0.0,0.0,0.0,10.3,-1.6,1007.7,1638291600.0
2021-12-01 02:00:00,2,0.0,0.0,0.0,10.3,-1.6,1007.7,1638291600.0
2021-12-01 02:00:00,3,0.0,0.0,0.0,10.3,-1.6,1007.7,1638291600.0
2021-12-01 02:00:00,5,0.0,0.0,0.0,10.3,-1.6,1007.7,1638291600.0
2021-12-01 03:00:00,1,0.0,0.0,0.0,10.3,-1.8,1008.7,1638295200.0
2021-12-01 03:00:00,4,0.0,0.0,0.0,10.3,-1.8,1008.7,1638295200.0
2021-12-01 03:00:00,2,0.0,0.0,0.0,10.3,-1.8,1008.7,1638295200.0
2021-12-01 03:00:00,3,0.0,0.0,0.0,10.3,-1.8,1008.7,1638295200.0
2021-12-01 03:00:00,5,0.0,0.0,0.0,10.3,-1.8,1008.7,1638295200.0
2021-12-01 04:00:00,1,0.0,0.0,0.0,10.0,-2.2,1009.6,1638298800.0
2021-12-01 04:00:00,4,0.0,0.0,0.0,10.0,-2.2,1009.6,1638298800.0
2021-12-01 04:00:00,2,0.0,0.0,0.0,10.0,-2.2,1009.6,1638298800.0
2021-12-01 04:00:00,3,0.0,0.0,0.0,10.0,-2.2,1009.6,1638298800.0
2021-12-01 04:00:00,5,0.0,0.0,0.0,10.0,-2.2,1009.6,1638298800.0
2021-12-01 05:00:00,1,0.0,0.0,0.0,10.8,-3.2,1009.6,1638302400.0
2021-12-01 05:00:00,4,0.0,0.0,0.0,10.8,-3.2,1009.6,1638302400.0
2021-12-01 05:00:00,2,0.0,0.0,0.0,10.8,-3.2,1009.6,1638302400.0
2021-12-01 05:00:00,3,0.0,0.0,0.0,10.8,-3.2,1009.6,1638302400.0
2021-12-01 05:00:00,5,0.0,0.0,0.0,10.8,-3.2,1009.6,1638302400.0
2021-12-01 06:00:00,1,0.0,0.0,0.0,10.3,-3.7,1010.6,1638306000.0
2021-12-01 06:00:00,4,0.0,0.0,0.0,10.3,-3.7,1010.6,1638306000.0
2021-12-01 06:00:00,2,0.0,0.0,0.0,10.3,-3.7,1010.6,1638306000.0
2021-12-01 06:00:00,3,0.0,0.0,0.0,10.3,-3.7,1010.6,1638306000.0
2021-12-01 06:00:00,5,0.0,0.0,0.0,10.3,-3.7,1010.6,1638306000.0
2021-12-01 07:00:00,1,0.0,0.0,0.0,10.0,-4.1,1010.6,1638309600.0
2021-12-01 07:00:00,4,0.0,0.0,0.0,10.0,-4.1,1010.6,1638309600.0
2021-12-01 07:00:00,2,0.0,0.0,0.0,10.0,-4.1,1010.6,1638309600.0
2021-12-01 07:00:00,3,0.0,0.0,0.0,10.0,-4.1,1010.6,1638309600.0
2021-12-01 07:00:00,5,0.0,0.0,0.0,10.0,-4.1,1010.6,1638309600.0
2021-12-01 08:00:00,1,0.6512221069335937,0.677,0.2,7.7,-4.2,1011.6,1638313200.0
2021-12-01 08:00:00,2,1.017712158203125,1.043,0.30000000000000004,7.7,-4.2,1011.6,1638313200.0
2021-12-01 08:00:00,3,0.5892619018554688,0.6579999999999999,0.2,7.7,-4.2,1011.6,1638313200.0
2021-12-01 08:00:00,4,2.235545654296875,2.181,0.6000000000000001,7.7,-4.2,1011.6,1638313200.0
2021-12-01 08:00:00,5,1.5102030029296876,1.446,0.4,7.7,-4.2,1011.6,1638313200.0
2021-12-01 09:00:00,1,9.308185546875,9.131,2.2,7.7,-3.5,1013.6,1638316800.0
2021-12-01 09:00:00,2,9.2507060546875,9.049,2.4000000000000004,7.7,-3.5,1013.6,1638316800.0
2021-12-01 09:00:00,3,9.3697802734375,9.189,2.1,7.7,-3.5,1013.6,1638316800.0
2021-12-01 09:00:00,4,9.4375107421875,9.231,4.7,7.7,-3.5,1013.6,1638316800.0
2021-12-01 09:00:00,5,9.5365595703125,9.279,3.6,7.7,-3.5,1013.6,1638316800.0
2021-12-01 10:00:00,1,13.266044921875,13.13,13.3,10.0,-2.3,1014.6,1638320400.0
2021-12-01 10:00:00,2,13.22536328125,13.001,13.3,10.0,-2.3,1014.6,1638320400.0
2021-12-01 10:00:00,3,13.3084501953125,13.133,13.2,10.0,-2.3,1014.6,1638320400.0
2021-12-01 10:00:00,4,13.392857421875,13.177999999999999,15.8,10.0,-2.3,1014.6,1638320400.0
2021-12-01 10:00:00,5,13.415494140625,13.232999999999999,14.7,10.0,-2.3,1014.6,1638320400.0
2021-12-01 11:00:00,1,15.480556640625,15.366,27.6,8.2,-1.3,1014.6,1638324000.0
2021-12-01 11:00:00,2,15.4283779296875,15.237,27.5,8.2,-1.3,1014.6,1638324000.0
2021-12-01 11:00:00,3,15.5250419921875,15.36,27.5,8.2,-1.3,1014.6,1638324000.0
2021-12-01 11:00:00,4,15.5232216796875,15.373,30.1,8.2,-1.3,1014.6,1638324000.0
2021-12-01 11:00:00,5,15.6166318359375,15.459000000000001,29.200000000000006,8.2,-1.3,1014.6,1638324000.0
2021-12-01 12:00:00,1,16.645970703125002,16.482,43.5,9.3,-0.6,1015.6,1638327600.0
2021-12-01 12:00:00,2,16.55587890625,16.359,43.3,9.3,-0.6,1015.6,1638327600.0
2021-12-01 12:00:00,3,16.696583984375,16.505,43.40000000000001,9.3,-0.6,1015.6,1638327600.0
2021-12-01 12:00:00,4,16.666845703125,16.47,46.0,9.3,-0.6,1015.6,1638327600.0
2021-12-01 12:00:00,5,16.795474609375,16.539,45.1,9.3,-0.6,1015.6,1638327600.0
2021-12-01 13:00:00,1,15.38687109375,15.249,59.3,8.8,-0.2,1014.6,1638331200.0
2021-12-01 13:00:00,2,15.351291015625,15.127,59.0,8.8,-0.2,1014.6,1638331200.0
2021-12-01 13:00:00,3,15.3995419921875,15.190999999999999,59.2,8.8,-0.2,1014.6,1638331200.0
2021-12-01 13:00:00,4,15.4198662109375,15.213,61.8,8.8,-0.2,1014.6,1638331200.0
2021-12-01 13:00:00,5,15.469138671875,15.305,61.0,8.8,-0.2,1014.6,1638331200.0
2021-12-01 14:00:00,1,13.1642744140625,13.085999999999999,73.60000000000002,8.8,-0.2,1014.6,1638334800.0
2021-12-01 14:00:00,2,13.121251953125,12.955,73.10000000000002,8.8,-0.2,1014.6,1638334800.0
2021-12-01 14:00:00,3,13.1869111328125,13.065999999999999,73.4,8.8,-0.2,1014.6,1638334800.0
2021-12-01 14:00:00,4,13.18398046875,13.026,76.0,8.8,-0.2,1014.6,1638334800.0
2021-12-01 14:00:00,5,13.2523466796875,13.099,75.3,8.8,-0.2,1014.6,1638334800.0
2021-12-01 15:00:00,1,9.4756328125,9.381,84.9,9.8,-0.7,1014.6,1638338400.0
2021-12-01 15:00:00,2,9.5207265625,9.376,84.4,9.8,-0.7,1014.6,1638338400.0
2021-12-01 15:00:00,3,9.559423828125,9.446,84.7,9.8,-0.7,1014.6,1638338400.0
2021-12-01 15:00:00,4,9.560064453125,9.439,87.30000000000003,9.8,-0.7,1014.6,1638338400.0
2021-12-01 15:00:00,5,9.6323349609375,9.503,86.7,9.8,-0.7,1014.6,1638338400.0
2021-12-01 16:00:00,1,4.59968017578125,4.579,91.9,1.0,-1.8,1009.5,1638342000.0
2021-12-01 16:00:00,2,3.889157470703125,3.852,91.2,1.0,-1.8,1009.5,1638342000.0
2021-12-01 16:00:00,3,4.66703662109375,4.633,91.8,1.0,-1.8,1009.5,1638342000.0
2021-12-01 16:00:00,4,4.711818359375,4.619,94.4,1.0,-1.8,1009.5,1638342000.0
2021-12-01 16:00:00,5,4.761046875,4.672,93.8,1.0,-1.8,1009.5,1638342000.0
2021-12-01 17:00:00,1,0.11757675933837893,0.152,93.7,9.3,-3.1,1015.6,1638345600.0
2021-12-01 17:00:00,2,0.12772725677490235,0.147,92.7,9.3,-3.1,1015.6,1638345600.0
2021-12-01 17:00:00,3,0.0921974639892578,0.149,93.6,9.3,-3.1,1015.6,1638345600.0
2021-12-01 17:00:00,4,0.15552009582519533,0.152,96.2,9.3,-3.1,1015.6,1638345600.0
2021-12-01 17:00:00,5,0.15836044311523434,0.149,95.7,9.3,-3.1,1015.6,1638345600.0
2021-12-01 18:00:00,1,1.8788850160379745e-39,0.0,93.7,5.7,-3.7,1015.6,1638349200.0
2021-12-01 18:00:00,4,1.8799717958645787e-39,0.0,96.3,5.7,-3.7,1015.6,1638349200.0
2021-12-01 18:00:00,5,3.6604679248646013e-16,0.0,95.7,5.7,-3.7,1015.6,1638349200.0
2021-12-01 18:00:00,2,1.8784850294043177e-39,0.0,92.7,5.7,-3.7,1015.6,1638349200.0
2021-12-01 18:00:00,3,1.8830436214645825e-39,0.0,93.6,5.7,-3.7,1015.6,1638349200.0
2021-12-01 19:00:00,1,1.8788850160379745e-39,0.0,93.7,8.2,-4.1,1016.6,1638352800.0
2021-12-01 19:00:00,4,1.8799717958645787e-39,0.0,96.3,8.2,-4.1,1016.6,1638352800.0
2021-12-01 19:00:00,5,3.6604679248646013e-16,0.0,95.7,8.2,-4.1,1016.6,1638352800.0
2021-12-01 19:00:00,2,1.8784850294043177e-39,0.0,92.7,8.2,-4.1,1016.6,1638352800.0
2021-12-01 19:00:00,3,1.8830436214645825e-39,0.0,93.6,8.2,-4.1,1016.6,1638352800.0
2021-12-01 20:00:00,1,1.8788850160379745e-39,0.0,93.7,7.2,-4.4,1017.6,1638356400.0
2021-12-01 20:00:00,4,1.8799717958645787e-39,0.0,96.3,7.2,-4.4,1017.6,1638356400.0
2021-12-01 20:00:00,5,3.6604679248646013e-16,0.0,95.7,7.2,-4.4,1017.6,1638356400.0
2021-12-01 20:00:00,2,1.8784850294043177e-39,0.0,92.7,7.2,-4.4,1017.6,1638356400.0
2021-12-01 20:00:00,3,1.8830436214645825e-39,0.0,93.6,7.2,-4.4,1017.6,1638356400.0
2021-12-01 21:00:00,1,1.8788850160379745e-39,0.0,93.7,5.7,-4.7,1018.6,1638360000.0
2021-12-01 21:00:00,4,1.8799717958645787e-39,0.0,96.3,5.7,-4.7,1018.6,1638360000.0
2021-12-01 21:00:00,5,3.6604679248646013e-16,0.0,95.7,5.7,-4.7,1018.6,1638360000.0
2021-12-01 21:00:00,2,1.8784850294043177e-39,0.0,92.7,5.7,-4.7,1018.6,1638360000.0
2021-12-01 21:00:00,3,1.8830436214645825e-39,0.0,93.6,5.7,-4.7,1018.6,1638360000.0
2021-12-01 22:00:00,1,1.8788850160379745e-39,0.0,93.7,1.0,-4.9,1018.6,1638363600.0
2021-12-01 22:00:00,4,1.8799717958645787e-39,0.0,96.3,1.0,-4.9,1018.6,1638363600.0
2021-12-01 22:00:00,5,3.6604679248646013e-16,0.0,95.7,1.0,-4.9,1018.6,1638363600.0
2021-12-01 22:00:00,2,1.8784850294043177e-39,0.0,92.7,1.0,-4.9,1018.6,1638363600.0
2021-12-01 22:00:00,3,1.8830436214645825e-39,0.0,93.6,1.0,-4.9,1018.6,1638363600.0
2021-12-01 23:00:00,1,1.8788850160379745e-39,0.0,93.7,5.7,-4.9,1018.6,1638367200.0
2021-12-01 23:00:00,4,1.8799717958645787e-39,0.0,96.3,5.7,-4.9,1018.6,1638367200.0
2021-12-01 23:00:00,5,3.6604679248646013e-16,0.0,95.7,5.7,-4.9,1018.6,1638367200.0
2021-12-01 23:00:00,2,1.8784850294043177e-39,0.0,92.7,5.7,-4.9,1018.6,1638367200.0
2021-12-01 23:00:00,3,1.8830436214645825e-39,0.0,93.6,5.7,-4.9,1018.6,1638367200.0
2021-12-02 00:00:00,1,0.0,0.0,0.0,4.6,-5.0,1019.5,1638370800.0
2021-12-02 00:00:00,4,0.0,0.0,0.0,4.6,-5.0,1019.5,1638370800.0
2021-12-02 00:00:00,5,0.0,0.0,0.0,4.6,-5.0,1019.5,1638370800.0
2021-12-02 00:00:00,2,0.0,0.0,0.0,4.6,-5.0,1019.5,1638370800.0
2021-12-02 00:00:00,3,0.0,0.0,0.0,4.6,-5.0,1019.5,1638370800.0
2021-12-02 01:00:00,1,0.0,0.0,0.0,3.1,-5.2,1019.5,1638374400.0
2021-12-02 01:00:00,4,0.0,0.0,0.0,3.1,-5.2,1019.5,1638374400.0
2021-12-02 01:00:00,5,0.0,0.0,0.0,3.1,-5.2,1019.5,1638374400.0
2021-12-02 01:00:00,2,0.0,0.0,0.0,3.1,-5.2,1019.5,1638374400.0
2021-12-02 01:00:00,3,0.0,0.0,0.0,3.1,-5.2,1019.5,1638374400.0
2021-12-02 02:00:00,1,0.0,0.0,0.0,3.1,-5.2,1019.5,1638378000.0
2021-12-02 02:00:00,4,0.0,0.0,0.0,3.1,-5.2,1019.5,1638378000.0
2021-12-02 02:00:00,5,0.0,0.0,0.0,3.1,-5.2,1019.5,1638378000.0
2021-12-02 02:00:00,2,0.0,0.0,0.0,3.1,-5.2,1019.5,1638378000.0
2021-12-02 02:00:00,3,0.0,0.0,0.0,3.1,-5.2,1019.5,1638378000.0
2021-12-02 03:00:00,1,0.0,0.0,0.0,1.5,-5.2,1018.5,1638381600.0
2021-12-02 03:00:00,4,0.0,0.0,0.0,1.5,-5.2,1018.5,1638381600.0
2021-12-02 03:00:00,5,0.0,0.0,0.0,1.5,-5.2,1018.5,1638381600.0
2021-12-02 03:00:00,2,0.0,0.0,0.0,1.5,-5.2,1018.5,1638381600.0
2021-12-02 03:00:00,3,0.0,0.0,0.0,1.5,-5.2,1018.5,1638381600.0
2021-12-02 04:00:00,1,0.0,0.0,0.0,2.1,-5.4,1018.5,1638385200.0
2021-12-02 04:00:00,4,0.0,0.0,0.0,2.1,-5.4,1018.5,1638385200.0
2021-12-02 04:00:00,5,0.0,0.0,0.0,2.1,-5.4,1018.5,1638385200.0
2021-12-02 04:00:00,2,0.0,0.0,0.0,2.1,-5.4,1018.5,1638385200.0
2021-12-02 04:00:00,3,0.0,0.0,0.0,2.1,-5.4,1018.5,1638385200.0
2021-12-02 05:00:00,1,0.0,0.0,0.0,1.0,-5.3,1018.5,1638388800.0
2021-12-02 05:00:00,4,0.0,0.0,0.0,1.0,-5.3,1018.5,1638388800.0
2021-12-02 05:00:00,5,0.0,0.0,0.0,1.0,-5.3,1018.5,1638388800.0
2021-12-02 05:00:00,2,0.0,0.0,0.0,1.0,-5.3,1018.5,1638388800.0
2021-12-02 05:00:00,3,0.0,0.0,0.0,1.0,-5.3,1018.5,1638388800.0
2021-12-02 06:00:00,1,0.0,0.0,0.0,1.5,-5.2,1018.5,1638392400.0
2021-12-02 06:00:00,4,0.0,0.0,0.0,1.5,-5.2,1018.5,1638392400.0
2021-12-02 06:00:00,5,0.0,0.0,0.0,1.5,-5.2,1018.5,1638392400.0
2021-12-02 06:00:00,2,0.0,0.0,0.0,1.5,-5.2,1018.5,1638392400.0
2021-12-02 06:00:00,3,0.0,0.0,0.0,1.5,-5.2,1018.5,1638392400.0
2021-12-02 07:00:00,1,0.0,0.0,0.0,2.6,-5.0,1018.5,1638396000.0
2021-12-02 07:00:00,4,0.0,0.0,0.0,2.6,-5.0,1018.5,1638396000.0
2021-12-02 07:00:00,5,0.0,0.0,0.0,2.6,-5.0,1018.5,1638396000.0
2021-12-02 07:00:00,2,0.0,0.0,0.0,2.6,-5.0,1018.5,1638396000.0
2021-12-02 07:00:00,3,0.0,0.0,0.0,2.6,-5.0,1018.5,1638396000.0
2021-12-02 08:00:00,1,0.6548136596679688,0.6629999999999999,0.2,3.1,-4.4,1018.5,1638399600.0
2021-12-02 08:00:00,2,0.6118544921875,0.625,0.2,3.1,-4.4,1018.5,1638399600.0
2021-12-02 08:00:00,3,0.5664060058593751,0.638,0.2,3.1,-4.4,1018.5,1638399600.0
2021-12-02 08:00:00,4,2.321130859375,2.22,0.6000000000000001,3.1,-4.4,1018.5,1638399600.0
2021-12-02 08:00:00,5,2.671007568359375,2.6510000000000002,0.6000000000000001,3.1,-4.4,1018.5,1638399600.0
2021-12-02 09:00:00,1,8.9071103515625,8.696,1.9,2.6,-2.7,1018.5,1638403200.0
2021-12-02 09:00:00,2,8.8688916015625,8.632,1.9,2.6,-2.7,1018.5,1638403200.0
2021-12-02 09:00:00,3,8.63139453125,8.497,1.8,2.6,-2.7,1018.5,1638403200.0
2021-12-02 09:00:00,4,9.09199609375,8.835,4.5,2.6,-2.7,1018.5,1638403200.0
2021-12-02 09:00:00,5,9.1067724609375,8.872,4.6000000000000005,2.6,-2.7,1018.5,1638403200.0
2021-12-02 10:00:00,1,12.326572265625,12.203,12.5,2.6,-1.0,1018.6,1638406800.0
2021-12-02 10:00:00,2,12.286802734375,12.094000000000001,12.4,2.6,-1.0,1018.6,1638406800.0
2021-12-02 10:00:00,3,12.35699609375,12.225,12.5,2.6,-1.0,1018.6,1638406800.0
2021-12-02 10:00:00,4,12.39962109375,12.261,15.2,2.6,-1.0,1018.6,1638406800.0
2021-12-02 10:00:00,5,12.4916552734375,12.338,15.3,2.6,-1.0,1018.6,1638406800.0
2021-12-02 11:00:00,1,14.7068505859375,14.605,26.1,3.1,0.1,1018.6,1638410400.0
2021-12-02 11:00:00,2,14.66187109375,14.491,25.9,3.1,0.1,1018.6,1638410400.0
2021-12-02 11:00:00,3,14.78728515625,14.626,26.1,3.1,0.1,1018.6,1638410400.0
2021-12-02 11:00:00,4,14.7975029296875,14.640999999999998,28.8,3.1,0.1,1018.6,1638410400.0
2021-12-02 11:00:00,5,14.8959189453125,14.720999999999998,29.0,3.1,0.1,1018.6,1638410400.0
2021-12-02 12:00:00,1,15.380314453125,15.248,41.2,3.6,1.2,1017.6,1638414000.0
2021-12-02 12:00:00,2,15.366267578125,15.168,40.90000000000001,3.6,1.2,1017.6,1638414000.0
2021-12-02 12:00:00,3,15.4281357421875,15.259,41.2,3.6,1.2,1017.6,1638414000.0
2021-12-02 12:00:00,4,15.41958203125,15.214,43.90000000000001,3.6,1.2,1017.6,1638414000.0
2021-12-02 12:00:00,5,15.5032568359375,15.298,44.3,3.6,1.2,1017.6,1638414000.0
2021-12-02 13:00:00,1,14.3405556640625,14.258,56.1,5.1,1.9,1016.6,1638417600.0
2021-12-02 13:00:00,2,14.323255859375,14.128,55.6,5.1,1.9,1016.6,1638417600.0
2021-12-02 13:00:00,3,14.332875,14.165,56.0,5.1,1.9,1016.6,1638417600.0
2021-12-02 13:00:00,4,14.2975712890625,14.159,58.7,5.1,1.9,1016.6,1638417600.0
2021-12-02 13:00:00,5,14.44752734375,14.308,59.2,5.1,1.9,1016.6,1638417600.0
2021-12-02 14:00:00,1,12.2056181640625,12.139000000000001,69.4,5.1,2.3,1014.6,1638421200.0
2021-12-02 14:00:00,2,12.0542255859375,11.960999999999999,68.8,5.1,2.3,1014.6,1638421200.0
2021-12-02 14:00:00,3,12.1937568359375,12.084000000000001,69.3,5.1,2.3,1014.6,1638421200.0
2021-12-02 14:00:00,4,12.203568359375,12.107000000000001,72.0,5.1,2.3,1014.6,1638421200.0
2021-12-02 14:00:00,5,12.3185634765625,12.217,72.60000000000002,5.1,2.3,1014.6,1638421200.0
2021-12-02 15:00:00,1,8.7005234375,8.679,80.0,3.1,2.6,1013.7,1638424800.0
2021-12-02 15:00:00,2,8.73838671875,8.639,79.30000000000003,3.1,2.6,1013.7,1638424800.0
2021-12-02 15:00:00,3,8.7624580078125,8.69,79.80000000000003,3.1,2.6,1013.7,1638424800.0
2021-12-02 15:00:00,4,8.7549501953125,8.676,82.5,3.1,2.6,1013.7,1638424800.0
2021-12-02 15:00:00,5,8.827693359375,8.746,83.2,3.1,2.6,1013.7,1638424800.0
2021-12-02 16:00:00,1,4.213291015625,4.195,86.5,1.0,1.5,1013.7,1638428400.0
2021-12-02 16:00:00,2,3.672215576171875,3.637,85.60000000000002,1.0,1.5,1013.7,1638428400.0
2021-12-02 16:00:00,3,4.26998095703125,4.23,86.30000000000003,1.0,1.5,1013.7,1638428400.0
2021-12-02 16:00:00,4,4.28478076171875,4.218,89.0,1.0,1.5,1013.7,1638428400.0
2021-12-02 16:00:00,5,4.34709326171875,4.268,89.7,1.0,1.5,1013.7,1638428400.0
2021-12-02 17:00:00,1,0.09491104125976564,0.13699999999999998,88.0,3.6,-0.1,1013.7,1638432000.0
2021-12-02 17:00:00,2,0.11440071868896486,0.134,87.0,3.6,-0.1,1013.7,1638432000.0
2021-12-02 17:00:00,3,0.07996463775634766,0.135,87.9,3.6,-0.1,1013.7,1638432000.0
2021-12-02 17:00:00,4,0.13567257690429688,0.142,90.6,3.6,-0.1,1013.7,1638432000.0
2021-12-02 17:00:00,5,0.13731625366210934,0.141,91.4,3.6,-0.1,1013.7,1638432000.0
2021-12-02 18:00:00,1,1.882834121738972e-39,0.0,88.0,2.1,-1.5,1012.7,1638435600.0
2021-12-02 18:00:00,4,1.882312345453184e-39,0.0,90.6,2.1,-1.5,1012.7,1638435600.0
2021-12-02 18:00:00,5,1.876146094111544e-39,0.0,91.4,2.1,-1.5,1012.7,1638435600.0
2021-12-02 18:00:00,2,1.8747554679363237e-39,0.0,87.0,2.1,-1.5,1012.7,1638435600.0
2021-12-02 18:00:00,3,1.874244632988945e-39,0.0,87.9,2.1,-1.5,1012.7,1638435600.0
2021-12-02 19:00:00,1,1.882834121738972e-39,0.0,88.0,3.1,-2.1,1012.6,1638439200.0
2021-12-02 19:00:00,4,1.882312345453184e-39,0.0,90.6,3.1,-2.1,1012.6,1638439200.0
2021-12-02 19:00:00,5,1.876146094111544e-39,0.0,91.4,3.1,-2.1,1012.6,1638439200.0
2021-12-02 19:00:00,2,1.8747554679363237e-39,0.0,87.0,3.1,-2.1,1012.6,1638439200.0
2021-12-02 19:00:00,3,1.874244632988945e-39,0.0,87.9,3.1,-2.1,1012.6,1638439200.0
2021-12-02 20:00:00,1,1.882834121738972e-39,0.0,88.0,1.0,-1.5,1012.6,1638442800.0
2021-12-02 20:00:00,4,1.882312345453184e-39,0.0,90.6,1.0,-1.5,1012.6,1638442800.0
2021-12-02 20:00:00,5,1.876146094111544e-39,0.0,91.4,1.0,-1.5,1012.6,1638442800.0
2021-12-02 20:00:00,2,1.8747554679363237e-39,0.0,87.0,1.0,-1.5,1012.6,1638442800.0
2021-12-02 20:00:00,3,1.874244632988945e-39,0.0,87.9,1.0,-1.5,1012.6,1638442800.0
2021-12-02 21:00:00,1,1.882834121738972e-39,0.0,88.0,0.5,-1.0,1013.6,1638446400.0
2021-12-02 21:00:00,4,1.882312345453184e-39,0.0,90.6,0.5,-1.0,1013.6,1638446400.0
2021-12-02 21:00:00,5,1.876146094111544e-39,0.0,91.4,0.5,-1.0,1013.6,1638446400.0
2021-12-02 21:00:00,2,1.8747554679363237e-39,0.0,87.0,0.5,-1.0,1013.6,1638446400.0
2021-12-02 21:00:00,3,1.874244632988945e-39,0.0,87.9,0.5,-1.0,1013.6,1638446400.0
2021-12-02 22:00:00,1,1.882834121738972e-39,0.0,88.0,1.0,-0.9,1013.6,1638450000.0
2021-12-02 22:00:00,4,1.882312345453184e-39,0.0,90.6,1.0,-0.9,1013.6,1638450000.0
2021-12-02 22:00:00,5,1.876146094111544e-39,0.0,91.4,1.0,-0.9,1013.6,1638450000.0
2021-12-02 22:00:00,2,1.8747554679363237e-39,0.0,87.0,1.0,-0.9,1013.6,1638450000.0
2021-12-02 22:00:00,3,1.874244632988945e-39,0.0,87.9,1.0,-0.9,1013.6,1638450000.0
2021-12-02 23:00:00,1,1.882834121738972e-39,0.0,88.0,0.5,-1.9,1012.6,1638453600.0
2021-12-02 23:00:00,4,1.882312345453184e-39,0.0,90.6,0.5,-1.9,1012.6,1638453600.0
2021-12-02 23:00:00,5,1.876146094111544e-39,0.0,91.4,0.5,-1.9,1012.6,1638453600.0
2021-12-02 23:00:00,2,1.8747554679363237e-39,0.0,87.0,0.5,-1.9,1012.6,1638453600.0
2021-12-02 23:00:00,3,1.874244632988945e-39,0.0,87.9,0.5,-1.9,1012.6,1638453600.0
2021-12-03 00:00:00,1,0.0,0.0,0.0,1.0,-2.2,1012.6,1638457200.0
2021-12-03 00:00:00,4,0.0,0.0,0.0,1.0,-2.2,1012.6,1638457200.0
2021-12-03 00:00:00,5,0.0,0.0,0.0,1.0,-2.2,1012.6,1638457200.0
2021-12-03 00:00:00,2,0.0,0.0,0.0,1.0,-2.2,1012.6,1638457200.0
2021-12-03 00:00:00,3,0.0,0.0,0.0,1.0,-2.2,1012.6,1638457200.0
2021-12-03 01:00:00,1,0.0,0.0,0.0,0.5,-1.8,1012.6,1638460800.0
2021-12-03 01:00:00,4,0.0,0.0,0.0,0.5,-1.8,1012.6,1638460800.0
2021-12-03 01:00:00,5,0.0,0.0,0.0,0.5,-1.8,1012.6,1638460800.0
2021-12-03 01:00:00,2,0.0,0.0,0.0,0.5,-1.8,1012.6,1638460800.0
2021-12-03 01:00:00,3,0.0,0.0,0.0,0.5,-1.8,1012.6,1638460800.0
2021-12-03 02:00:00,1,0.0,0.0,0.0,0.5,-1.0,1012.6,1638464400.0
2021-12-03 02:00:00,4,0.0,0.0,0.0,0.5,-1.0,1012.6,1638464400.0
2021-12-03 02:00:00,5,0.0,0.0,0.0,0.5,-1.0,1012.6,1638464400.0
2021-12-03 02:00:00,2,0.0,0.0,0.0,0.5,-1.0,1012.6,1638464400.0
2021-12-03 02:00:00,3,0.0,0.0,0.0,0.5,-1.0,1012.6,1638464400.0
2021-12-03 03:00:00,1,0.0,0.0,0.0,0.5,-1.2,1011.6,1638468000.0
2021-12-03 03:00:00,4,0.0,0.0,0.0,0.5,-1.2,1011.6,1638468000.0
2021-12-03 03:00:00,5,0.0,0.0,0.0,0.5,-1.2,1011.6,1638468000.0
2021-12-03 03:00:00,2,0.0,0.0,0.0,0.5,-1.2,1011.6,1638468000.0
2021-12-03 03:00:00,3,0.0,0.0,0.0,0.5,-1.2,1011.6,1638468000.0
2021-12-03 04:00:00,1,0.0,0.0,0.0,1.0,-0.8,1011.6,1638471600.0
2021-12-03 04:00:00,4,0.0,0.0,0.0,1.0,-0.8,1011.6,1638471600.0
2021-12-03 04:00:00,5,0.0,0.0,0.0,1.0,-0.8,1011.6,1638471600.0
2021-12-03 04:00:00,2,0.0,0.0,0.0,1.0,-0.8,1011.6,1638471600.0
2021-12-03 04:00:00,3,0.0,0.0,0.0,1.0,-0.8,1011.6,1638471600.0
2021-12-03 05:00:00,1,0.0,0.0,0.0,0.5,-0.7,1010.6,1638475200.0
2021-12-03 05:00:00,4,0.0,0.0,0.0,0.5,-0.7,1010.6,1638475200.0
2021-12-03 05:00:00,5,0.0,0.0,0.0,0.5,-0.7,1010.6,1638475200.0
2021-12-03 05:00:00,2,0.0,0.0,0.0,0.5,-0.7,1010.6,1638475200.0
2021-12-03 05:00:00,3,0.0,0.0,0.0,0.5,-0.7,1010.6,1638475200.0
2021-12-03 06:00:00,1,0.0,0.0,0.0,0.5,0.6,1010.6,1638478800.0
2021-12-03 06:00:00,4,0.0,0.0,0.0,0.5,0.6,1010.6,1638478800.0
2021-12-03 06:00:00,5,0.0,0.0,0.0,0.5,0.6,1010.6,1638478800.0
2021-12-03 06:00:00,2,0.0,0.0,0.0,0.5,0.6,1010.6,1638478800.0
2021-12-03 06:00:00,3,0.0,0.0,0.0,0.5,0.6,1010.6,1638478800.0
2021-12-03 07:00:00,1,0.0,0.0,0.0,0.5,1.3,1010.6,1638482400.0
2021-12-03 07:00:00,4,0.0,0.0,0.0,0.5,1.3,1010.6,1638482400.0
2021-12-03 07:00:00,5,0.0,0.0,0.0,0.5,1.3,1010.6,1638482400.0
2021-12-03 07:00:00,2,0.0,0.0,0.0,0.5,1.3,1010.6,1638482400.0
2021-12-03 07:00:00,3,0.0,0.0,0.0,0.5,1.3,1010.6,1638482400.0
2021-12-03 08:00:00,1,0.0010038645267486572,0.0,0.0,0.5,1.5,1010.6,1638486000.0
2021-12-03 08:00:00,2,1.8742329741857213e-39,0.0,0.0,0.5,1.5,1010.6,1638486000.0
2021-12-03 08:00:00,3,1.877967916639819e-39,0.0,0.0,0.5,1.5,1010.6,1638486000.0
2021-12-03 08:00:00,4,0.007094501972198486,0.0,0.0,0.5,1.5,1010.6,1638486000.0
2021-12-03 08:00:00,5,0.015087871551513672,0.0,0.0,0.5,1.5,1010.6,1638486000.0
2021-12-03 09:00:00,1,1.0773646240234376,1.083,0.30000000000000004,1.5,0.9,1009.5,1638489600.0
2021-12-03 09:00:00,2,1.0766005859375,1.077,0.30000000000000004,1.5,0.9,1009.5,1638489600.0
2021-12-03 09:00:00,3,1.0304686279296875,1.083,0.30000000000000004,1.5,0.9,1009.5,1638489600.0
2021-12-03 09:00:00,4,1.1036558837890624,1.085,0.30000000000000004,1.5,0.9,1009.5,1638489600.0
2021-12-03 09:00:00,5,1.1204876708984377,1.081,0.30000000000000004,1.5,0.9,1009.5,1638489600.0
2021-12-03 10:00:00,1,11.312326171875,11.190999999999999,5.0,1.0,1.2,1012.6,1638493200.0
2021-12-03 10:00:00,2,11.2408896484375,11.078,5.0,1.0,1.2,1012.6,1638493200.0
2021-12-03 10:00:00,3,11.3636552734375,11.237,5.0,1.0,1.2,1012.6,1638493200.0
2021-12-03 10:00:00,4,11.45266015625,11.312999999999999,5.0,1.0,1.2,1012.6,1638493200.0
2021-12-03 10:00:00,5,11.513080078125,11.352,5.1000000000000005,1.0,1.2,1012.6,1638493200.0
2021-12-03 11:00:00,1,14.135716796875,14.026,16.7,2.1,2.8,1013.7,1638496800.0
2021-12-03 11:00:00,2,14.084267578125,13.865,16.6,2.1,2.8,1013.7,1638496800.0
2021-12-03 11:00:00,3,14.197400390625,14.015,16.7,2.1,2.8,1013.7,1638496800.0
2021-12-03 11:00:00,4,14.2090673828125,14.054,16.8,2.1,2.8,1013.7,1638496800.0
2021-12-03 11:00:00,5,14.315259765625,14.174000000000001,16.900000000000002,2.1,2.8,1013.7,1638496800.0
2021-12-03 12:00:00,1,14.967736328125,14.888,29.700000000000006,3.6,3.1,1013.7,1638500400.0
2021-12-03 12:00:00,2,14.9165595703125,14.725,29.4,3.6,3.1,1013.7,1638500400.0
2021-12-03 12:00:00,3,15.0004541015625,14.798,29.700000000000006,3.6,3.1,1013.7,1638500400.0
2021-12-03 12:00:00,4,14.9823486328125,14.802,29.8,3.6,3.1,1013.7,1638500400.0
2021-12-03 12:00:00,5,15.042556640625,14.867,30.0,3.6,3.1,1013.7,1638500400.0
2021-12-03 13:00:00,1,14.5396533203125,14.435,43.7,2.6,3.2,1011.7,1638504000.0
2021-12-03 13:00:00,2,14.46134375,14.270999999999999,43.2,2.6,3.2,1011.7,1638504000.0
2021-12-03 13:00:00,3,14.5529111328125,14.39,43.5,2.6,3.2,1011.7,1638504000.0
2021-12-03 13:00:00,4,14.5171611328125,14.386,43.7,2.6,3.2,1011.7,1638504000.0
2021-12-03 13:00:00,5,14.6185986328125,14.485,43.90000000000001,2.6,3.2,1011.7,1638504000.0
2021-12-03 14:00:00,1,11.9167880859375,11.882,57.0,9.8,3.1,1011.7,1638507600.0
2021-12-03 14:00:00,2,11.8922900390625,11.752,56.3,9.8,3.1,1011.7,1638507600.0
2021-12-03 14:00:00,3,11.932853515625,11.832,56.7,9.8,3.1,1011.7,1638507600.0
2021-12-03 14:00:00,4,11.9459169921875,11.815,56.90000000000001,9.8,3.1,1011.7,1638507600.0
2021-12-03 14:00:00,5,11.9956953125,11.911,57.1,9.8,3.1,1011.7,1638507600.0
2021-12-03 15:00:00,1,8.475509765625,8.416,67.2,6.7,2.2,1010.7,1638511200.0
2021-12-03 15:00:00,2,8.4926904296875,8.373,66.5,6.7,2.2,1010.7,1638511200.0
2021-12-03 15:00:00,3,8.5381845703125,8.443,67.0,6.7,2.2,1010.7,1638511200.0
2021-12-03 15:00:00,4,8.55379296875,8.455,67.10000000000001,6.7,2.2,1010.7,1638511200.0
2021-12-03 15:00:00,5,8.6034892578125,8.533,67.4,6.7,2.2,1010.7,1638511200.0
2021-12-03 16:00:00,1,4.122291015625,4.095,73.60000000000002,1.0,1.5,1009.5,1638514800.0
2021-12-03 16:00:00,2,3.5569753417968752,3.5180000000000002,72.7,1.0,1.5,1009.5,1638514800.0
2021-12-03 16:00:00,3,4.13307421875,4.13,73.4,1.0,1.5,1009.5,1638514800.0
2021-12-03 16:00:00,4,4.1677763671875,4.12,73.5,1.0,1.5,1009.5,1638514800.0
2021-12-03 16:00:00,5,4.2243232421875,4.168,73.9,1.0,1.5,1009.5,1638514800.0
2021-12-03 17:00:00,1,0.10385752105712892,0.145,75.10000000000002,5.7,-0.5,1011.7,1638518400.0
2021-12-03 17:00:00,2,0.11944727325439455,0.135,74.0,5.7,-0.5,1011.7,1638518400.0
2021-12-03 17:00:00,3,0.08619370269775391,0.142,74.9,5.7,-0.5,1011.7,1638518400.0
2021-12-03 17:00:00,4,0.1427117919921875,0.14,75.10000000000002,5.7,-0.5,1011.7,1638518400.0
2021-12-03 17:00:00,5,0.14628648376464845,0.14400000000000002,75.5,5.7,-0.5,1011.7,1638518400.0
2021-12-03 18:00:00,1,1.8745920653249957e-39,0.0,75.2,5.1,-1.6,1011.7,1638522000.0
2021-12-03 18:00:00,4,5.488069976654025e-26,0.0,75.10000000000002,5.1,-1.6,1011.7,1638522000.0
2021-12-03 18:00:00,5,6.253267059719292e-11,0.0,75.5,5.1,-1.6,1011.7,1638522000.0
2021-12-03 18:00:00,2,1.87517267372551e-39,0.0,74.0,5.1,-1.6,1011.7,1638522000.0
2021-12-03 18:00:00,3,1.876652444903837e-39,0.0,75.0,5.1,-1.6,1011.7,1638522000.0
2021-12-03 19:00:00,1,1.8745920653249957e-39,0.0,75.2,1.0,-2.3,1012.6,1638525600.0
2021-12-03 19:00:00,4,5.488069976654025e-26,0.0,75.10000000000002,1.0,-2.3,1012.6,1638525600.0
2021-12-03 19:00:00,5,6.253267059719292e-11,0.0,75.5,1.0,-2.3,1012.6,1638525600.0
2021-12-03 19:00:00,2,1.87517267372551e-39,0.0,74.0,1.0,-2.3,1012.6,1638525600.0
2021-12-03 19:00:00,3,1.876652444903837e-39,0.0,75.0,1.0,-2.3,1012.6,1638525600.0
2021-12-03 20:00:00,1,1.8745920653249957e-39,0.0,75.2,4.6,-2.7,1014.6,1638529200.0
2021-12-03 20:00:00,4,5.488069976654025e-26,0.0,75.10000000000002,4.6,-2.7,1014.6,1638529200.0
2021-12-03 20:00:00,5,6.253267059719292e-11,0.0,75.5,4.6,-2.7,1014.6,1638529200.0
2021-12-03 20:00:00,2,1.87517267372551e-39,0.0,74.0,4.6,-2.7,1014.6,1638529200.0
2021-12-03 20:00:00,3,1.876652444903837e-39,0.0,75.0,4.6,-2.7,1014.6,1638529200.0
2021-12-03 21:00:00,1,1.8745920653249957e-39,0.0,75.2,4.1,-2.8,1015.6,1638532800.0
2021-12-03 21:00:00,4,5.488069976654025e-26,0.0,75.10000000000002,4.1,-2.8,1015.6,1638532800.0
2021-12-03 21:00:00,5,6.253267059719292e-11,0.0,75.5,4.1,-2.8,1015.6,1638532800.0
2021-12-03 21:00:00,2,1.87517267372551e-39,0.0,74.0,4.1,-2.8,1015.6,1638532800.0
2021-12-03 21:00:00,3,1.876652444903837e-39,0.0,75.0,4.1,-2.8,1015.6,1638532800.0
2021-12-03 22:00:00,1,1.8745920653249957e-39,0.0,75.2,5.7,-3.1,1016.6,1638536400.0
2021-12-03 22:00:00,4,5.488069976654025e-26,0.0,75.10000000000002,5.7,-3.1,1016.6,1638536400.0
2021-12-03 22:00:00,5,6.253267059719292e-11,0.0,75.5,5.7,-3.1,1016.6,1638536400.0
2021-12-03 22:00:00,2,1.87517267372551e-39,0.0,74.0,5.7,-3.1,1016.6,1638536400.0
2021-12-03 22:00:00,3,1.876652444903837e-39,0.0,75.0,5.7,-3.1,1016.6,1638536400.0
2021-12-03 23:00:00,1,1.8745920653249957e-39,0.0,75.2,6.2,-3.5,1017.6,1638540000.0
2021-12-03 23:00:00,4,5.488069976654025e-26,0.0,75.10000000000002,6.2,-3.5,1017.6,1638540000.0
2021-12-03 23:00:00,5,6.253267059719292e-11,0.0,75.5,6.2,-3.5,1017.6,1638540000.0
2021-12-03 23:00:00,2,1.87517267372551e-39,0.0,74.0,6.2,-3.5,1017.6,1638540000.0
2021-12-03 23:00:00,3,1.876652444903837e-39,0.0,75.0,6.2,-3.5,1017.6,1638540000.0
2021-12-04 00:00:00,1,0.0,0.0,0.0,4.6,-3.8,1017.6,1638543600.0
2021-12-04 00:00:00,4,0.0,0.0,0.0,4.6,-3.8,1017.6,1638543600.0
2021-12-04 00:00:00,5,0.0,0.0,0.0,4.6,-3.8,1017.6,1638543600.0
2021-12-04 00:00:00,2,0.0,0.0,0.0,4.6,-3.8,1017.6,1638543600.0
2021-12-04 00:00:00,3,0.0,0.0,0.0,4.6,-3.8,1017.6,1638543600.0
2021-12-04 01:00:00,1,0.0,0.0,0.0,4.1,-4.0,1018.6,1638547200.0
2021-12-04 01:00:00,4,0.0,0.0,0.0,4.1,-4.0,1018.6,1638547200.0
2021-12-04 01:00:00,5,0.0,0.0,0.0,4.1,-4.0,1018.6,1638547200.0
2021-12-04 01:00:00,2,0.0,0.0,0.0,4.1,-4.0,1018.6,1638547200.0
2021-12-04 01:00:00,3,0.0,0.0,0.0,4.1,-4.0,1018.6,1638547200.0
2021-12-04 02:00:00,1,0.0,0.0,0.0,5.7,-3.9,1018.6,1638550800.0
2021-12-04 02:00:00,4,0.0,0.0,0.0,5.7,-3.9,1018.6,1638550800.0
2021-12-04 02:00:00,5,0.0,0.0,0.0,5.7,-3.9,1018.6,1638550800.0
2021-12-04 02:00:00,2,0.0,0.0,0.0,5.7,-3.9,1018.6,1638550800.0
2021-12-04 02:00:00,3,0.0,0.0,0.0,5.7,-3.9,1018.6,1638550800.0
2021-12-04 03:00:00,1,0.0,0.0,0.0,4.1,-3.7,1018.6,1638554400.0
2021-12-04 03:00:00,4,0.0,0.0,0.0,4.1,-3.7,1018.6,1638554400.0
2021-12-04 03:00:00,5,0.0,0.0,0.0,4.1,-3.7,1018.6,1638554400.0
2021-12-04 03:00:00,2,0.0,0.0,0.0,4.1,-3.7,1018.6,1638554400.0
2021-12-04 03:00:00,3,0.0,0.0,0.0,4.1,-3.7,1018.6,1638554400.0
2021-12-04 04:00:00,1,0.0,0.0,0.0,4.6,-3.9,1018.6,1638558000.0
2021-12-04 04:00:00,4,0.0,0.0,0.0,4.6,-3.9,1018.6,1638558000.0
2021-12-04 04:00:00,5,0.0,0.0,0.0,4.6,-3.9,1018.6,1638558000.0
2021-12-04 04:00:00,2,0.0,0.0,0.0,4.6,-3.9,1018.6,1638558000.0
2021-12-04 04:00:00,3,0.0,0.0,0.0,4.6,-3.9,1018.6,1638558000.0
2021-12-04 05:00:00,1,0.0,0.0,0.0,5.7,-3.7,1018.6,1638561600.0
2021-12-04 05:00:00,4,0.0,0.0,0.0,5.7,-3.7,1018.6,1638561600.0
2021-12-04 05:00:00,5,0.0,0.0,0.0,5.7,-3.7,1018.6,1638561600.0
2021-12-04 05:00:00,2,0.0,0.0,0.0,5.7,-3.7,1018.6,1638561600.0
2021-12-04 05:00:00,3,0.0,0.0,0.0,5.7,-3.7,1018.6,1638561600.0
2021-12-04 06:00:00,1,0.0,0.0,0.0,4.6,-3.6,1018.6,1638565200.0
2021-12-04 06:00:00,4,0.0,0.0,0.0,4.6,-3.6,1018.6,1638565200.0
2021-12-04 06:00:00,5,0.0,0.0,0.0,4.6,-3.6,1018.6,1638565200.0
2021-12-04 06:00:00,2,0.0,0.0,0.0,4.6,-3.6,1018.6,1638565200.0
2021-12-04 06:00:00,3,0.0,0.0,0.0,4.6,-3.6,1018.6,1638565200.0
2021-12-04 07:00:00,1,0.0,0.0,0.0,4.6,-3.6,1018.6,1638568800.0
2021-12-04 07:00:00,4,0.0,0.0,0.0,4.6,-3.6,1018.6,1638568800.0
2021-12-04 07:00:00,5,0.0,0.0,0.0,4.6,-3.6,1018.6,1638568800.0
2021-12-04 07:00:00,2,0.0,0.0,0.0,4.6,-3.6,1018.6,1638568800.0
2021-12-04 07:00:00,3,0.0,0.0,0.0,4.6,-3.6,1018.6,1638568800.0
2021-12-04 08:00:00,1,0.5974912109375,0.615,0.2,3.1,-3.0,1019.5,1638572400.0
2021-12-04 08:00:00,2,0.8613799438476563,0.888,0.2,3.1,-3.0,1019.5,1638572400.0
2021-12-04 08:00:00,3,0.520541748046875,0.603,0.2,3.1,-3.0,1019.5,1638572400.0
2021-12-04 08:00:00,4,2.1007875976562502,2.0340000000000003,0.5,3.1,-3.0,1019.5,1638572400.0
2021-12-04 08:00:00,5,2.390810791015625,2.405,0.5,3.1,-3.0,1019.5,1638572400.0
2021-12-04 09:00:00,1,7.15986962890625,7.127000000000001,1.5,2.6,-1.0,1020.5,1638576000.0
2021-12-04 09:00:00,2,7.2213759765625,7.121,2.3000000000000003,2.6,-1.0,1020.5,1638576000.0
2021-12-04 09:00:00,3,6.4795336914062505,6.412000000000001,1.4,2.6,-1.0,1020.5,1638576000.0
2021-12-04 09:00:00,4,7.804125,7.648,3.9,2.6,-1.0,1020.5,1638576000.0
2021-12-04 09:00:00,5,7.1145537109375,7.03,4.0,2.6,-1.0,1020.5,1638576000.0
2021-12-04 10:00:00,1,11.851193359375,11.775,11.6,1.0,0.6,1021.6,1638579600.0
2021-12-04 10:00:00,2,11.8188486328125,11.671,12.4,1.0,0.6,1021.6,1638579600.0
2021-12-04 10:00:00,3,11.921865234375,11.789000000000001,11.6,1.0,0.6,1021.6,1638579600.0
2021-12-04 10:00:00,4,11.980998046875,11.808,14.2,1.0,0.6,1021.6,1638579600.0
2021-12-04 10:00:00,5,12.0685908203125,11.905999999999999,14.3,1.0,0.6,1021.6,1638579600.0
2021-12-04 11:00:00,1,13.9913330078125,13.91,24.6,4.1,1.7,1021.6,1638583200.0
2021-12-04 11:00:00,2,13.9673681640625,13.770999999999999,25.200000000000006,4.1,1.7,1021.6,1638583200.0
2021-12-04 11:00:00,3,14.0426884765625,13.897,24.5,4.1,1.7,1021.6,1638583200.0
2021-12-04 11:00:00,4,14.0378017578125,13.894,27.200000000000006,4.1,1.7,1021.6,1638583200.0
2021-12-04 11:00:00,5,14.099482421875,13.955,27.4,4.1,1.7,1021.6,1638583200.0
2021-12-04 12:00:00,1,15.2612880859375,15.158,39.2,4.6,2.4,1021.6,1638586800.0
2021-12-04 12:00:00,2,15.178583984375,14.995,39.6,4.6,2.4,1021.6,1638586800.0
2021-12-04 12:00:00,3,15.2927177734375,15.137,39.1,4.6,2.4,1021.6,1638586800.0
2021-12-04 12:00:00,4,15.32737109375,15.148,41.7,4.6,2.4,1021.6,1638586800.0
2021-12-04 12:00:00,5,15.3810283203125,15.206,42.1,4.6,2.4,1021.6,1638586800.0
2021-12-04 13:00:00,1,14.472189453125,14.385,53.8,4.1,3.0,1021.6,1638590400.0
2021-12-04 13:00:00,2,14.4106162109375,14.245,54.1,4.1,3.0,1021.6,1638590400.0
2021-12-04 13:00:00,3,14.4886650390625,14.331,53.6,4.1,3.0,1021.6,1638590400.0
2021-12-04 13:00:00,4,14.5076142578125,14.353,56.2,4.1,3.0,1021.6,1638590400.0
2021-12-04 13:00:00,5,14.5576953125,14.412,56.6,4.1,3.0,1021.6,1638590400.0
2021-12-04 14:00:00,1,12.3117490234375,12.217,67.0,4.1,3.3,1020.7,1638594000.0
2021-12-04 14:00:00,2,12.2416611328125,12.091,67.2,4.1,3.3,1020.7,1638594000.0
2021-12-04 14:00:00,3,12.2917783203125,12.175,66.8,4.1,3.3,1020.7,1638594000.0
2021-12-04 14:00:00,4,12.3098701171875,12.179,69.5,4.1,3.3,1020.7,1638594000.0
2021-12-04 14:00:00,5,12.37613671875,12.274000000000001,69.9,4.1,3.3,1020.7,1638594000.0
2021-12-04 15:00:00,1,2.5794287109375,2.614,74.4,4.1,3.8,1020.7,1638597600.0
2021-12-04 15:00:00,2,2.585038818359375,2.571,74.5,4.1,3.8,1020.7,1638597600.0
2021-12-04 15:00:00,3,2.5873884277343757,2.5980000000000003,74.2,4.1,3.8,1020.7,1638597600.0
2021-12-04 15:00:00,4,2.626639892578125,2.6010000000000004,76.9,4.1,3.8,1020.7,1638597600.0
2021-12-04 15:00:00,5,2.6637084960937503,2.616,77.4,4.1,3.8,1020.7,1638597600.0
2021-12-04 16:00:00,1,0.7301094360351562,0.7659999999999999,76.3,1.0,3.2,1020.7,1638601200.0
2021-12-04 16:00:00,2,0.7438226318359376,0.752,76.4,1.0,3.2,1020.7,1638601200.0
2021-12-04 16:00:00,3,0.7099929809570312,0.754,76.10000000000002,1.0,3.2,1020.7,1638601200.0
2021-12-04 16:00:00,4,0.7728324584960937,0.764,78.80000000000003,1.0,3.2,1020.7,1638601200.0
2021-12-04 16:00:00,5,0.7840593872070313,0.772,79.30000000000003,1.0,3.2,1020.7,1638601200.0
2021-12-04 17:00:00,1,0.10135596466064453,0.141,77.10000000000002,3.18,1.5,1020.7,1638604800.0
2021-12-04 17:00:00,2,0.11747220611572265,0.139,77.10000000000002,3.18,1.5,1020.7,1638604800.0
2021-12-04 17:00:00,3,0.08237565612792969,0.14,76.80000000000003,3.18,1.5,1020.7,1638604800.0
2021-12-04 17:00:00,4,0.13956088256835938,0.14300000000000002,79.5,3.18,1.5,1020.7,1638604800.0
2021-12-04 17:00:00,5,0.14344891357421874,0.142,80.10000000000002,3.18,1.5,1020.7,1638604800.0
2021-12-04 18:00:00,1,1.884988668574616e-39,0.0,77.10000000000002,4.6,0.4,1020.6,1638608400.0
2021-12-04 18:00:00,4,7.637358988847698e-38,0.0,79.5,4.6,0.4,1020.6,1638608400.0
2021-12-04 18:00:00,5,1.6005416555908302e-23,0.0,80.10000000000002,4.6,0.4,1020.6,1638608400.0
2021-12-04 18:00:00,2,1.8808888952627345e-39,0.0,77.10000000000002,4.6,0.4,1020.6,1638608400.0
2021-12-04 18:00:00,3,1.875493201131046e-39,0.0,76.80000000000003,4.6,0.4,1020.6,1638608400.0
2021-12-04 19:00:00,1,1.884988668574616e-39,0.0,77.10000000000002,3.1,-0.7,1021.6,1638612000.0
2021-12-04 19:00:00,4,7.637358988847698e-38,0.0,79.5,3.1,-0.7,1021.6,1638612000.0
2021-12-04 19:00:00,5,1.6005416555908302e-23,0.0,80.10000000000002,3.1,-0.7,1021.6,1638612000.0
2021-12-04 19:00:00,2,1.8808888952627345e-39,0.0,77.10000000000002,3.1,-0.7,1021.6,1638612000.0
2021-12-04 19:00:00,3,1.875493201131046e-39,0.0,76.80000000000003,3.1,-0.7,1021.6,1638612000.0
2021-12-04 20:00:00,1,1.884988668574616e-39,0.0,77.10000000000002,2.6,-1.7,1021.6,1638615600.0
2021-12-04 20:00:00,4,7.637358988847698e-38,0.0,79.5,2.6,-1.7,1021.6,1638615600.0
2021-12-04 20:00:00,5,1.6005416555908302e-23,0.0,80.10000000000002,2.6,-1.7,1021.6,1638615600.0
2021-12-04 20:00:00,2,1.8808888952627345e-39,0.0,77.10000000000002,2.6,-1.7,1021.6,1638615600.0
2021-12-04 20:00:00,3,1.875493201131046e-39,0.0,76.80000000000003,2.6,-1.7,1021.6,1638615600.0
2021-12-04 21:00:00,1,1.884988668574616e-39,0.0,77.10000000000002,1.5,-2.0,1022.6,1638619200.0
2021-12-04 21:00:00,4,7.637358988847698e-38,0.0,79.5,1.5,-2.0,1022.6,1638619200.0
2021-12-04 21:00:00,5,1.6005416555908302e-23,0.0,80.10000000000002,1.5,-2.0,1022.6,1638619200.0
2021-12-04 21:00:00,2,1.8808888952627345e-39,0.0,77.10000000000002,1.5,-2.0,1022.6,1638619200.0
2021-12-04 21:00:00,3,1.875493201131046e-39,0.0,76.80000000000003,1.5,-2.0,1022.6,1638619200.0
2021-12-04 22:00:00,1,1.884988668574616e-39,0.0,77.10000000000002,1.0,-2.1,1022.6,1638622800.0
2021-12-04 22:00:00,4,7.637358988847698e-38,0.0,79.5,1.0,-2.1,1022.6,1638622800.0
2021-12-04 22:00:00,5,1.6005416555908302e-23,0.0,80.10000000000002,1.0,-2.1,1022.6,1638622800.0
2021-12-04 22:00:00,2,1.8808888952627345e-39,0.0,77.10000000000002,1.0,-2.1,1022.6,1638622800.0
2021-12-04 22:00:00,3,1.875493201131046e-39,0.0,76.80000000000003,1.0,-2.1,1022.6,1638622800.0
2021-12-04 23:00:00,1,1.884988668574616e-39,0.0,77.10000000000002,2.1,-2.2,1023.5,1638626400.0
2021-12-04 23:00:00,4,7.637358988847698e-38,0.0,79.5,2.1,-2.2,1023.5,1638626400.0
2021-12-04 23:00:00,5,1.6005416555908302e-23,0.0,80.10000000000002,2.1,-2.2,1023.5,1638626400.0
2021-12-04 23:00:00,2,1.8808888952627345e-39,0.0,77.10000000000002,2.1,-2.2,1023.5,1638626400.0
2021-12-04 23:00:00,3,1.875493201131046e-39,0.0,76.80000000000003,2.1,-2.2,1023.5,1638626400.0
2021-12-05 00:00:00,1,0.0,0.0,0.0,1.0,-2.3,1023.5,1638630000.0
2021-12-05 00:00:00,4,0.0,0.0,0.0,1.0,-2.3,1023.5,1638630000.0
2021-12-05 00:00:00,5,0.0,0.0,0.0,1.0,-2.3,1023.5,1638630000.0
2021-12-05 00:00:00,2,0.0,0.0,0.0,1.0,-2.3,1023.5,1638630000.0
2021-12-05 00:00:00,3,0.0,0.0,0.0,1.0,-2.3,1023.5,1638630000.0
2021-12-05 01:00:00,1,0.0,0.0,0.0,1.0,-2.4,1024.5,1638633600.0
2021-12-05 01:00:00,4,0.0,0.0,0.0,1.0,-2.4,1024.5,1638633600.0
2021-12-05 01:00:00,5,0.0,0.0,0.0,1.0,-2.4,1024.5,1638633600.0
2021-12-05 01:00:00,2,0.0,0.0,0.0,1.0,-2.4,1024.5,1638633600.0
2021-12-05 01:00:00,3,0.0,0.0,0.0,1.0,-2.4,1024.5,1638633600.0
2021-12-05 02:00:00,1,0.0,0.0,0.0,1.0,-2.5,1024.5,1638637200.0
2021-12-05 02:00:00,4,0.0,0.0,0.0,1.0,-2.5,1024.5,1638637200.0
2021-12-05 02:00:00,5,0.0,0.0,0.0,1.0,-2.5,1024.5,1638637200.0
2021-12-05 02:00:00,2,0.0,0.0,0.0,1.0,-2.5,1024.5,1638637200.0
2021-12-05 02:00:00,3,0.0,0.0,0.0,1.0,-2.5,1024.5,1638637200.0
2021-12-05 03:00:00,1,0.0,0.0,0.0,0.5,-2.5,1024.5,1638640800.0
2021-12-05 03:00:00,4,0.0,0.0,0.0,0.5,-2.5,1024.5,1638640800.0
2021-12-05 03:00:00,5,0.0,0.0,0.0,0.5,-2.5,1024.5,1638640800.0
2021-12-05 03:00:00,2,0.0,0.0,0.0,0.5,-2.5,1024.5,1638640800.0
2021-12-05 03:00:00,3,0.0,0.0,0.0,0.5,-2.5,1024.5,1638640800.0
2021-12-05 04:00:00,1,0.0,0.0,0.0,1.0,-2.6,1024.5,1638644400.0
2021-12-05 04:00:00,4,0.0,0.0,0.0,1.0,-2.6,1024.5,1638644400.0
2021-12-05 04:00:00,5,0.0,0.0,0.0,1.0,-2.6,1024.5,1638644400.0
2021-12-05 04:00:00,2,0.0,0.0,0.0,1.0,-2.6,1024.5,1638644400.0
2021-12-05 04:00:00,3,0.0,0.0,0.0,1.0,-2.6,1024.5,1638644400.0
2021-12-05 05:00:00,1,0.0,0.0,0.0,0.5,-2.5,1024.5,1638648000.0
2021-12-05 05:00:00,4,0.0,0.0,0.0,0.5,-2.5,1024.5,1638648000.0
2021-12-05 05:00:00,5,0.0,0.0,0.0,0.5,-2.5,1024.5,1638648000.0
2021-12-05 05:00:00,2,0.0,0.0,0.0,0.5,-2.5,1024.5,1638648000.0
2021-12-05 05:00:00,3,0.0,0.0,0.0,0.5,-2.5,1024.5,1638648000.0
2021-12-05 06:00:00,1,0.0,0.0,0.0,0.5,-2.2,1024.5,1638651600.0
2021-12-05 06:00:00,4,0.0,0.0,0.0,0.5,-2.2,1024.5,1638651600.0
2021-12-05 06:00:00,5,0.0,0.0,0.0,0.5,-2.2,1024.5,1638651600.0
2021-12-05 06:00:00,2,0.0,0.0,0.0,0.5,-2.2,1024.5,1638651600.0
2021-12-05 06:00:00,3,0.0,0.0,0.0,0.5,-2.2,1024.5,1638651600.0
2021-12-05 07:00:00,1,0.0,0.0,0.0,0.5,-1.9,1025.5,1638655200.0
2021-12-05 07:00:00,4,0.0,0.0,0.0,0.5,-1.9,1025.5,1638655200.0
2021-12-05 07:00:00,5,0.0,0.0,0.0,0.5,-1.9,1025.5,1638655200.0
2021-12-05 07:00:00,2,0.0,0.0,0.0,0.5,-1.9,1025.5,1638655200.0
2021-12-05 07:00:00,3,0.0,0.0,0.0,0.5,-1.9,1025.5,1638655200.0
2021-12-05 08:00:00,1,0.836168701171875,0.8340000000000001,0.2,0.5,-0.9,1025.5,1638658800.0
2021-12-05 08:00:00,2,0.7962275390625,0.7979999999999999,0.2,0.5,-0.9,1025.5,1638658800.0
2021-12-05 08:00:00,3,0.7430822143554687,0.7959999999999999,0.2,0.5,-0.9,1025.5,1638658800.0
2021-12-05 08:00:00,4,1.0158406372070312,0.966,0.30000000000000004,0.5,-0.9,1025.5,1638658800.0
2021-12-05 08:00:00,5,0.9931602172851562,0.9359999999999999,0.2,0.5,-0.9,1025.5,1638658800.0
2021-12-05 09:00:00,1,6.04208056640625,5.938,1.9,0.5,1.9,1026.5,1638662400.0
2021-12-05 09:00:00,2,5.79576318359375,5.694,1.9,0.5,1.9,1026.5,1638662400.0
2021-12-05 09:00:00,3,5.4286914062500005,5.425,1.8,0.5,1.9,1026.5,1638662400.0
2021-12-05 09:00:00,4,6.66503662109375,6.521,3.2,0.5,1.9,1026.5,1638662400.0
2021-12-05 09:00:00,5,6.39755126953125,6.231,2.7,0.5,1.9,1026.5,1638662400.0
2021-12-05 10:00:00,1,10.8801103515625,10.780999999999999,11.1,0.5,4.5,1026.5,1638666000.0
2021-12-05 10:00:00,2,11.028767578125,10.89,10.7,0.5,4.5,1026.5,1638666000.0
2021-12-05 10:00:00,3,11.2020107421875,11.09,11.0,0.5,4.5,1026.5,1638666000.0
2021-12-05 10:00:00,4,11.280931640625,11.145999999999999,12.4,0.5,4.5,1026.5,1638666000.0
2021-12-05 10:00:00,5,11.29700390625,11.177,12.0,0.5,4.5,1026.5,1638666000.0
2021-12-05 11:00:00,1,13.207029296875,13.142000000000001,23.4,0.5,6.3,1026.5,1638669600.0
2021-12-05 11:00:00,2,13.2016005859375,13.027000000000001,22.8,0.5,6.3,1026.5,1638669600.0
2021-12-05 11:00:00,3,13.066357421875,12.954,23.0,0.5,6.3,1026.5,1638669600.0
2021-12-05 11:00:00,4,13.099107421875,12.966,24.4,0.5,6.3,1026.5,1638669600.0
2021-12-05 11:00:00,5,13.385091796875,13.277000000000001,24.4,0.5,6.3,1026.5,1638669600.0
2021-12-05 12:00:00,1,14.0474736328125,13.985,37.1,0.5,7.0,1026.6,1638673200.0
2021-12-05 12:00:00,2,13.99450390625,13.837,36.4,0.5,7.0,1026.6,1638673200.0
2021-12-05 12:00:00,3,14.0240283203125,13.883,36.6,0.5,7.0,1026.6,1638673200.0
2021-12-05 12:00:00,4,14.0477734375,13.921,38.0,0.5,7.0,1026.6,1638673200.0
2021-12-05 12:00:00,5,14.119486328125,14.011,38.1,0.5,7.0,1026.6,1638673200.0
2021-12-05 13:00:00,1,13.25669921875,13.212,50.8,1.0,7.3,1025.6,1638676800.0
2021-12-05 13:00:00,2,13.2192919921875,13.097999999999999,50.0,1.0,7.3,1025.6,1638676800.0
2021-12-05 13:00:00,3,13.29896484375,13.174000000000001,50.2,1.0,7.3,1025.6,1638676800.0
2021-12-05 13:00:00,4,13.3171298828125,13.209000000000001,51.7,1.0,7.3,1025.6,1638676800.0
2021-12-05 13:00:00,5,13.36450390625,13.265999999999998,51.90000000000001,1.0,7.3,1025.6,1638676800.0
2021-12-05 14:00:00,1,11.3190576171875,11.296,63.1,0.5,7.3,1024.7,1638680400.0
2021-12-05 14:00:00,2,11.2830107421875,11.177999999999999,62.2,0.5,7.3,1024.7,1638680400.0
2021-12-05 14:00:00,3,11.3373525390625,11.276,62.5,0.5,7.3,1024.7,1638680400.0
2021-12-05 14:00:00,4,11.3696953125,11.284,64.0,0.5,7.3,1024.7,1638680400.0
2021-12-05 14:00:00,5,11.39813671875,11.332,64.3,0.5,7.3,1024.7,1638680400.0
2021-12-05 15:00:00,1,7.77138720703125,7.724,72.7,0.5,7.0,1023.7,1638684000.0
2021-12-05 15:00:00,2,8.06757373046875,7.996,71.7,0.5,7.0,1023.7,1638684000.0
2021-12-05 15:00:00,3,8.1225341796875,8.058,72.10000000000002,0.5,7.0,1023.7,1638684000.0
2021-12-05 15:00:00,4,8.12269873046875,8.055,73.60000000000002,0.5,7.0,1023.7,1638684000.0
2021-12-05 15:00:00,5,8.17490087890625,8.107999999999999,74.0,0.5,7.0,1023.7,1638684000.0
2021-12-05 16:00:00,1,3.58683740234375,3.6039999999999996,78.5,1.0,6.3,1023.7,1638687600.0
2021-12-05 16:00:00,2,3.092213623046875,3.063,77.5,1.0,6.3,1023.7,1638687600.0
2021-12-05 16:00:00,3,3.61110595703125,3.6310000000000002,78.0,1.0,6.3,1023.7,1638687600.0
2021-12-05 16:00:00,4,3.657089599609375,3.627,79.5,1.0,6.3,1023.7,1638687600.0
2021-12-05 16:00:00,5,3.72885400390625,3.67,79.9,1.0,6.3,1023.7,1638687600.0
2021-12-05 17:00:00,1,0.09993025970458984,0.15,80.0,1.5,3.2,1022.7,1638691200.0
2021-12-05 17:00:00,2,0.12748883056640625,0.145,78.7,1.5,3.2,1022.7,1638691200.0
2021-12-05 17:00:00,3,0.09297769165039063,0.153,79.5,1.5,3.2,1022.7,1638691200.0
2021-12-05 17:00:00,4,0.1455897674560547,0.154,81.0,1.5,3.2,1022.7,1638691200.0
2021-12-05 17:00:00,5,0.1497195281982422,0.153,81.4,1.5,3.2,1022.7,1638691200.0
2021-12-05 18:00:00,1,1.881771735716035e-39,0.0,80.0,1.5,2.1,1023.7,1638694800.0
2021-12-05 18:00:00,4,1.8775941174718637e-39,0.0,81.0,1.5,2.1,1023.7,1638694800.0
2021-12-05 18:00:00,5,1.879709383108955e-39,0.0,81.4,1.5,2.1,1023.7,1638694800.0
2021-12-05 18:00:00,2,1.874836541460276e-39,0.0,78.7,1.5,2.1,1023.7,1638694800.0
2021-12-05 18:00:00,3,1.883097610691816e-39,0.0,79.5,1.5,2.1,1023.7,1638694800.0
2021-12-05 19:00:00,1,1.881771735716035e-39,0.0,80.0,1.0,1.7,1023.6,1638698400.0
2021-12-05 19:00:00,4,1.8775941174718637e-39,0.0,81.0,1.0,1.7,1023.6,1638698400.0
2021-12-05 19:00:00,5,1.879709383108955e-39,0.0,81.4,1.0,1.7,1023.6,1638698400.0
2021-12-05 19:00:00,2,1.874836541460276e-39,0.0,78.7,1.0,1.7,1023.6,1638698400.0
2021-12-05 19:00:00,3,1.883097610691816e-39,0.0,79.5,1.0,1.7,1023.6,1638698400.0
2021-12-05 20:00:00,1,1.881771735716035e-39,0.0,80.0,0.5,1.5,1023.6,1638702000.0
2021-12-05 20:00:00,4,1.8775941174718637e-39,0.0,81.0,0.5,1.5,1023.6,1638702000.0
2021-12-05 20:00:00,5,1.879709383108955e-39,0.0,81.4,0.5,1.5,1023.6,1638702000.0
2021-12-05 20:00:00,2,1.874836541460276e-39,0.0,78.7,0.5,1.5,1023.6,1638702000.0
2021-12-05 20:00:00,3,1.883097610691816e-39,0.0,79.5,0.5,1.5,1023.6,1638702000.0
2021-12-05 21:00:00,1,1.881771735716035e-39,0.0,80.0,0.5,1.4,1023.6,1638705600.0
2021-12-05 21:00:00,4,1.8775941174718637e-39,0.0,81.0,0.5,1.4,1023.6,1638705600.0
2021-12-05 21:00:00,5,1.879709383108955e-39,0.0,81.4,0.5,1.4,1023.6,1638705600.0
2021-12-05 21:00:00,2,1.874836541460276e-39,0.0,78.7,0.5,1.4,1023.6,1638705600.0
2021-12-05 21:00:00,3,1.883097610691816e-39,0.0,79.5,0.5,1.4,1023.6,1638705600.0
2021-12-05 22:00:00,1,1.881771735716035e-39,0.0,80.0,1.0,1.2,1023.6,1638709200.0
2021-12-05 22:00:00,4,1.8775941174718637e-39,0.0,81.0,1.0,1.2,1023.6,1638709200.0
2021-12-05 22:00:00,5,1.879709383108955e-39,0.0,81.4,1.0,1.2,1023.6,1638709200.0
2021-12-05 22:00:00,2,1.874836541460276e-39,0.0,78.7,1.0,1.2,1023.6,1638709200.0
2021-12-05 22:00:00,3,1.883097610691816e-39,0.0,79.5,1.0,1.2,1023.6,1638709200.0
2021-12-05 23:00:00,1,1.881771735716035e-39,0.0,80.0,1.0,0.8,1023.5,1638712800.0
2021-12-05 23:00:00,4,1.8775941174718637e-39,0.0,81.0,1.0,0.8,1023.5,1638712800.0
2021-12-05 23:00:00,5,1.879709383108955e-39,0.0,81.4,1.0,0.8,1023.5,1638712800.0
2021-12-05 23:00:00,2,1.874836541460276e-39,0.0,78.7,1.0,0.8,1023.5,1638712800.0
2021-12-05 23:00:00,3,1.883097610691816e-39,0.0,79.5,1.0,0.8,1023.5,1638712800.0
2021-12-06 00:00:00,1,0.0,0.0,0.0,0.5,0.6,1023.5,1638716400.0
2021-12-06 00:00:00,4,0.0,0.0,0.0,0.5,0.6,1023.5,1638716400.0
2021-12-06 00:00:00,5,0.0,0.0,0.0,0.5,0.6,1023.5,1638716400.0
2021-12-06 00:00:00,2,0.0,0.0,0.0,0.5,0.6,1023.5,1638716400.0
2021-12-06 00:00:00,3,0.0,0.0,0.0,0.5,0.6,1023.5,1638716400.0
2021-12-06 01:00:00,1,0.0,0.0,0.0,1.0,0.3,1023.5,1638720000.0
2021-12-06 01:00:00,4,0.0,0.0,0.0,1.0,0.3,1023.5,1638720000.0
2021-12-06 01:00:00,5,0.0,0.0,0.0,1.0,0.3,1023.5,1638720000.0
2021-12-06 01:00:00,2,0.0,0.0,0.0,1.0,0.3,1023.5,1638720000.0
2021-12-06 01:00:00,3,0.0,0.0,0.0,1.0,0.3,1023.5,1638720000.0
2021-12-06 02:00:00,1,0.0,0.0,0.0,1.0,0.1,1023.5,1638723600.0
2021-12-06 02:00:00,4,0.0,0.0,0.0,1.0,0.1,1023.5,1638723600.0
2021-12-06 02:00:00,5,0.0,0.0,0.0,1.0,0.1,1023.5,1638723600.0
2021-12-06 02:00:00,2,0.0,0.0,0.0,1.0,0.1,1023.5,1638723600.0
2021-12-06 02:00:00,3,0.0,0.0,0.0,1.0,0.1,1023.5,1638723600.0
2021-12-06 03:00:00,1,0.0,0.0,0.0,0.5,0.0,1023.5,1638727200.0
2021-12-06 03:00:00,4,0.0,0.0,0.0,0.5,0.0,1023.5,1638727200.0
2021-12-06 03:00:00,5,0.0,0.0,0.0,0.5,0.0,1023.5,1638727200.0
2021-12-06 03:00:00,2,0.0,0.0,0.0,0.5,0.0,1023.5,1638727200.0
2021-12-06 03:00:00,3,0.0,0.0,0.0,0.5,0.0,1023.5,1638727200.0
2021-12-06 04:00:00,1,0.0,0.0,0.0,0.5,0.3,1023.5,1638730800.0
2021-12-06 04:00:00,4,0.0,0.0,0.0,0.5,0.3,1023.5,1638730800.0
2021-12-06 04:00:00,5,0.0,0.0,0.0,0.5,0.3,1023.5,1638730800.0
2021-12-06 04:00:00,2,0.0,0.0,0.0,0.5,0.3,1023.5,1638730800.0
2021-12-06 04:00:00,3,0.0,0.0,0.0,0.5,0.3,1023.5,1638730800.0
2021-12-06 05:00:00,1,0.0,0.0,0.0,0.5,0.3,1023.5,1638734400.0
2021-12-06 05:00:00,4,0.0,0.0,0.0,0.5,0.3,1023.5,1638734400.0
2021-12-06 05:00:00,5,0.0,0.0,0.0,0.5,0.3,1023.5,1638734400.0
2021-12-06 05:00:00,2,0.0,0.0,0.0,0.5,0.3,1023.5,1638734400.0
2021-12-06 05:00:00,3,0.0,0.0,0.0,0.5,0.3,1023.5,1638734400.0
2021-12-06 06:00:00,1,0.0,0.0,0.0,1.0,0.3,1022.5,1638738000.0
2021-12-06 06:00:00,4,0.0,0.0,0.0,1.0,0.3,1022.5,1638738000.0
2021-12-06 06:00:00,5,0.0,0.0,0.0,1.0,0.3,1022.5,1638738000.0
2021-12-06 06:00:00,2,0.0,0.0,0.0,1.0,0.3,1022.5,1638738000.0
2021-12-06 06:00:00,3,0.0,0.0,0.0,1.0,0.3,1022.5,1638738000.0
2021-12-06 07:00:00,1,0.0,0.0,0.0,0.5,0.3,1022.5,1638741600.0
2021-12-06 07:00:00,4,0.0,0.0,0.0,0.5,0.3,1022.5,1638741600.0
2021-12-06 07:00:00,5,0.0,0.0,0.0,0.5,0.3,1022.5,1638741600.0
2021-12-06 07:00:00,2,0.0,0.0,0.0,0.5,0.3,1022.5,1638741600.0
2021-12-06 07:00:00,3,0.0,0.0,0.0,0.5,0.3,1022.5,1638741600.0
2021-12-06 08:00:00,1,0.8738650512695313,0.872,0.2,0.5,1.2,1023.5,1638745200.0
2021-12-06 08:00:00,2,0.8437568359375001,0.84,0.2,0.5,1.2,1023.5,1638745200.0
2021-12-06 08:00:00,3,0.7968836669921875,0.86,0.2,0.5,1.2,1023.5,1638745200.0
2021-12-06 08:00:00,4,1.3537061767578125,1.301,0.30000000000000004,0.5,1.2,1023.5,1638745200.0
2021-12-06 08:00:00,5,1.1576822509765623,1.091,0.2,0.5,1.2,1023.5,1638745200.0
2021-12-06 09:00:00,1,4.78805419921875,4.68,1.9,1.5,3.7,1023.5,1638748800.0
2021-12-06 09:00:00,2,4.63666259765625,4.503,1.8,1.5,3.7,1023.5,1638748800.0
2021-12-06 09:00:00,3,4.16853515625,4.13,1.8,1.5,3.7,1023.5,1638748800.0
2021-12-06 09:00:00,4,5.119095214843751,5.0169999999999995,2.9000000000000004,1.5,3.7,1023.5,1638748800.0
2021-12-06 09:00:00,5,5.2520791015625,5.102,2.5,1.5,3.7,1023.5,1638748800.0
2021-12-06 10:00:00,1,10.6220419921875,10.532,10.5,1.0,6.2,1023.5,1638752400.0
2021-12-06 10:00:00,2,10.5648076171875,10.41,10.3,1.0,6.2,1023.5,1638752400.0
2021-12-06 10:00:00,3,10.5153134765625,10.388,10.2,1.0,6.2,1023.5,1638752400.0
2021-12-06 10:00:00,4,10.73751953125,10.584000000000001,11.5,1.0,6.2,1023.5,1638752400.0
2021-12-06 10:00:00,5,10.684259765625,10.52,11.1,1.0,6.2,1023.5,1638752400.0
2021-12-06 11:00:00,1,12.822787109375,12.741,22.3,0.5,7.9,1023.5,1638756000.0
2021-12-06 11:00:00,2,12.7572275390625,12.595,22.0,0.5,7.9,1023.5,1638756000.0
2021-12-06 11:00:00,3,12.873978515625,12.758,22.0,0.5,7.9,1023.5,1638756000.0
2021-12-06 11:00:00,4,12.9114892578125,12.809000000000001,23.3,0.5,7.9,1023.5,1638756000.0
2021-12-06 11:00:00,5,13.0193076171875,12.890999999999998,23.0,0.5,7.9,1023.5,1638756000.0
2021-12-06 12:00:00,1,13.451005859375,13.383,35.5,1.0,8.7,1023.6,1638759600.0
2021-12-06 12:00:00,2,13.43965234375,13.288,35.1,1.0,8.7,1023.6,1638759600.0
2021-12-06 12:00:00,3,13.518923828125,13.395,35.2,1.0,8.7,1023.6,1638759600.0
2021-12-06 12:00:00,4,13.548625,13.413,36.6,1.0,8.7,1023.6,1638759600.0
2021-12-06 12:00:00,5,13.595884765625,13.495,36.3,1.0,8.7,1023.6,1638759600.0
2021-12-06 13:00:00,1,12.83543359375,12.797,48.7,0.5,9.0,1022.6,1638763200.0
2021-12-06 13:00:00,2,12.76046484375,12.634,48.2,0.5,9.0,1022.6,1638763200.0
2021-12-06 13:00:00,3,12.8377421875,12.761,48.5,0.5,9.0,1022.6,1638763200.0
2021-12-06 13:00:00,4,12.8573291015625,12.769,49.8,0.5,9.0,1022.6,1638763200.0
2021-12-06 13:00:00,5,12.9511279296875,12.857000000000001,49.7,0.5,9.0,1022.6,1638763200.0
2021-12-06 14:00:00,1,5.4686025390625,5.475,54.90000000000001,1.5,9.0,1021.7,1638766800.0
2021-12-06 14:00:00,2,5.40190771484375,5.351,54.3,1.5,9.0,1021.7,1638766800.0
2021-12-06 14:00:00,3,5.5052431640625,5.475,54.6,1.5,9.0,1021.7,1638766800.0
2021-12-06 14:00:00,4,5.33715576171875,5.27,56.0,1.5,9.0,1021.7,1638766800.0
2021-12-06 14:00:00,5,5.4922587890625,5.446000000000001,55.90000000000001,1.5,9.0,1021.7,1638766800.0
2021-12-06 15:00:00,1,8.111904296875,8.097000000000001,63.0,1.5,8.7,1020.7,1638770400.0
2021-12-06 15:00:00,2,8.094642578125,8.026,62.3,1.5,8.7,1020.7,1638770400.0
2021-12-06 15:00:00,3,8.054083984375,8.032,62.90000000000001,1.5,8.7,1020.7,1638770400.0
2021-12-06 15:00:00,4,8.1132607421875,8.042,64.3,1.5,8.7,1020.7,1638770400.0
2021-12-06 15:00:00,5,7.80635205078125,7.772,64.10000000000001,1.5,8.7,1020.7,1638770400.0
2021-12-06 16:00:00,1,3.297801513671875,3.3089999999999997,67.3,1.0,8.1,1020.7,1638774000.0
2021-12-06 16:00:00,2,3.09352490234375,3.068,66.5,1.0,8.1,1020.7,1638774000.0
2021-12-06 16:00:00,3,3.325193115234375,3.352,67.10000000000001,1.0,8.1,1020.7,1638774000.0
2021-12-06 16:00:00,4,3.361272216796875,3.3369999999999997,68.5,1.0,8.1,1020.7,1638774000.0
2021-12-06 16:00:00,5,3.4710466308593757,3.406,68.4,1.0,8.1,1020.7,1638774000.0
2021-12-06 17:00:00,1,0.19564540100097655,0.254,68.5,1.0,5.3,1020.7,1638777600.0
2021-12-06 17:00:00,2,0.2259066162109375,0.248,67.7,1.0,5.3,1020.7,1638777600.0
2021-12-06 17:00:00,3,0.19145904541015624,0.248,68.3,1.0,5.3,1020.7,1638777600.0
2021-12-06 17:00:00,4,0.2399030456542969,0.248,69.7,1.0,5.3,1020.7,1638777600.0
2021-12-06 17:00:00,5,0.24424290466308596,0.253,69.60000000000001,1.0,5.3,1020.7,1638777600.0
2021-12-06 18:00:00,1,1.878511037503816e-39,0.0,68.5,1.0,4.8,1020.7,1638781200.0
2021-12-06 18:00:00,4,1.880082823544504e-39,0.0,69.7,1.0,4.8,1020.7,1638781200.0
2021-12-06 18:00:00,5,1.877210453162719e-39,0.0,69.60000000000001,1.0,4.8,1020.7,1638781200.0
2021-12-06 18:00:00,2,1.8758569557916093e-39,0.0,67.7,1.0,4.8,1020.7,1638781200.0
2021-12-06 18:00:00,3,1.8746309877911406e-39,0.0,68.4,1.0,4.8,1020.7,1638781200.0
2021-12-06 19:00:00,1,1.878511037503816e-39,0.0,68.5,1.0,4.7,1020.7,1638784800.0
2021-12-06 19:00:00,4,1.880082823544504e-39,0.0,69.7,1.0,4.7,1020.7,1638784800.0
2021-12-06 19:00:00,5,1.877210453162719e-39,0.0,69.60000000000001,1.0,4.7,1020.7,1638784800.0
2021-12-06 19:00:00,2,1.8758569557916093e-39,0.0,67.7,1.0,4.7,1020.7,1638784800.0
2021-12-06 19:00:00,3,1.8746309877911406e-39,0.0,68.4,1.0,4.7,1020.7,1638784800.0
2021-12-06 20:00:00,1,1.878511037503816e-39,0.0,68.5,1.0,4.5,1021.6,1638788400.0
2021-12-06 20:00:00,4,1.880082823544504e-39,0.0,69.7,1.0,4.5,1021.6,1638788400.0
2021-12-06 20:00:00,5,1.877210453162719e-39,0.0,69.60000000000001,1.0,4.5,1021.6,1638788400.0
2021-12-06 20:00:00,2,1.8758569557916093e-39,0.0,67.7,1.0,4.5,1021.6,1638788400.0
2021-12-06 20:00:00,3,1.8746309877911406e-39,0.0,68.4,1.0,4.5,1021.6,1638788400.0
2021-12-06 21:00:00,1,1.878511037503816e-39,0.0,68.5,0.5,4.2,1021.6,1638792000.0
2021-12-06 21:00:00,4,1.880082823544504e-39,0.0,69.7,0.5,4.2,1021.6,1638792000.0
2021-12-06 21:00:00,5,1.877210453162719e-39,0.0,69.60000000000001,0.5,4.2,1021.6,1638792000.0
2021-12-06 21:00:00,2,1.8758569557916093e-39,0.0,67.7,0.5,4.2,1021.6,1638792000.0
2021-12-06 21:00:00,3,1.8746309877911406e-39,0.0,68.4,0.5,4.2,1021.6,1638792000.0
2021-12-06 22:00:00,1,1.878511037503816e-39,0.0,68.5,1.0,3.8,1021.6,1638795600.0
2021-12-06 22:00:00,4,1.880082823544504e-39,0.0,69.7,1.0,3.8,1021.6,1638795600.0
2021-12-06 22:00:00,5,1.877210453162719e-39,0.0,69.60000000000001,1.0,3.8,1021.6,1638795600.0
2021-12-06 22:00:00,2,1.8758569557916093e-39,0.0,67.7,1.0,3.8,1021.6,1638795600.0
2021-12-06 22:00:00,3,1.8746309877911406e-39,0.0,68.4,1.0,3.8,1021.6,1638795600.0
2021-12-06 23:00:00,1,1.878511037503816e-39,0.0,68.5,0.5,3.6,1021.6,1638799200.0
2021-12-06 23:00:00,4,1.880082823544504e-39,0.0,69.7,0.5,3.6,1021.6,1638799200.0
2021-12-06 23:00:00,5,1.877210453162719e-39,0.0,69.60000000000001,0.5,3.6,1021.6,1638799200.0
2021-12-06 23:00:00,2,1.8758569557916093e-39,0.0,67.7,0.5,3.6,1021.6,1638799200.0
2021-12-06 23:00:00,3,1.8746309877911406e-39,0.0,68.4,0.5,3.6,1021.6,1638799200.0
2021-12-07 00:00:00,1,0.0,0.0,0.0,0.5,3.2,1021.6,1638802800.0
2021-12-07 00:00:00,4,0.0,0.0,0.0,0.5,3.2,1021.6,1638802800.0
2021-12-07 00:00:00,5,0.0,0.0,0.0,0.5,3.2,1021.6,1638802800.0
2021-12-07 00:00:00,2,0.0,0.0,0.0,0.5,3.2,1021.6,1638802800.0
2021-12-07 00:00:00,3,0.0,0.0,0.0,0.5,3.2,1021.6,1638802800.0
2021-12-07 01:00:00,1,0.0,0.0,0.0,0.5,3.0,1021.6,1638806400.0
2021-12-07 01:00:00,4,0.0,0.0,0.0,0.5,3.0,1021.6,1638806400.0
2021-12-07 01:00:00,5,0.0,0.0,0.0,0.5,3.0,1021.6,1638806400.0
2021-12-07 01:00:00,2,0.0,0.0,0.0,0.5,3.0,1021.6,1638806400.0
2021-12-07 01:00:00,3,0.0,0.0,0.0,0.5,3.0,1021.6,1638806400.0
2021-12-07 02:00:00,1,0.0,0.0,0.0,0.5,2.8,1021.6,1638810000.0
2021-12-07 02:00:00,4,0.0,0.0,0.0,0.5,2.8,1021.6,1638810000.0
2021-12-07 02:00:00,5,0.0,0.0,0.0,0.5,2.8,1021.6,1638810000.0
2021-12-07 02:00:00,2,0.0,0.0,0.0,0.5,2.8,1021.6,1638810000.0
2021-12-07 02:00:00,3,0.0,0.0,0.0,0.5,2.8,1021.6,1638810000.0
2021-12-07 03:00:00,1,0.0,0.0,0.0,1.0,2.6,1021.6,1638813600.0
2021-12-07 03:00:00,4,0.0,0.0,0.0,1.0,2.6,1021.6,1638813600.0
2021-12-07 03:00:00,5,0.0,0.0,0.0,1.0,2.6,1021.6,1638813600.0
2021-12-07 03:00:00,2,0.0,0.0,0.0,1.0,2.6,1021.6,1638813600.0
2021-12-07 03:00:00,3,0.0,0.0,0.0,1.0,2.6,1021.6,1638813600.0
2021-12-07 04:00:00,1,0.0,0.0,0.0,0.5,1.8,1021.6,1638817200.0
2021-12-07 04:00:00,4,0.0,0.0,0.0,0.5,1.8,1021.6,1638817200.0
2021-12-07 04:00:00,5,0.0,0.0,0.0,0.5,1.8,1021.6,1638817200.0
2021-12-07 04:00:00,2,0.0,0.0,0.0,0.5,1.8,1021.6,1638817200.0
2021-12-07 04:00:00,3,0.0,0.0,0.0,0.5,1.8,1021.6,1638817200.0
2021-12-07 05:00:00,1,0.0,0.0,0.0,0.5,1.3,1021.6,1638820800.0
2021-12-07 05:00:00,4,0.0,0.0,0.0,0.5,1.3,1021.6,1638820800.0
2021-12-07 05:00:00,5,0.0,0.0,0.0,0.5,1.3,1021.6,1638820800.0
2021-12-07 05:00:00,2,0.0,0.0,0.0,0.5,1.3,1021.6,1638820800.0
2021-12-07 05:00:00,3,0.0,0.0,0.0,0.5,1.3,1021.6,1638820800.0
2021-12-07 06:00:00,1,0.0,0.0,0.0,0.5,1.2,1021.5,1638824400.0
2021-12-07 06:00:00,4,0.0,0.0,0.0,0.5,1.2,1021.5,1638824400.0
2021-12-07 06:00:00,5,0.0,0.0,0.0,0.5,1.2,1021.5,1638824400.0
2021-12-07 06:00:00,2,0.0,0.0,0.0,0.5,1.2,1021.5,1638824400.0
2021-12-07 06:00:00,3,0.0,0.0,0.0,0.5,1.2,1021.5,1638824400.0
2021-12-07 07:00:00,1,0.0,0.0,0.0,1.0,1.1,1022.5,1638828000.0
2021-12-07 07:00:00,4,0.0,0.0,0.0,1.0,1.1,1022.5,1638828000.0
2021-12-07 07:00:00,5,0.0,0.0,0.0,1.0,1.1,1022.5,1638828000.0
2021-12-07 07:00:00,2,0.0,0.0,0.0,1.0,1.1,1022.5,1638828000.0
2021-12-07 07:00:00,3,0.0,0.0,0.0,1.0,1.1,1022.5,1638828000.0
2021-12-07 08:00:00,1,0.538859130859375,0.557,0.1,0.5,1.6,1022.5,1638831600.0
2021-12-07 08:00:00,2,0.5336314086914062,0.55,0.1,0.5,1.6,1022.5,1638831600.0
2021-12-07 08:00:00,3,0.4922666320800782,0.556,0.1,0.5,1.6,1022.5,1638831600.0
2021-12-07 08:00:00,4,0.5665454711914063,0.5529999999999999,0.1,0.5,1.6,1022.5,1638831600.0
2021-12-07 08:00:00,5,0.5627080688476562,0.547,0.1,0.5,1.6,1022.5,1638831600.0
2021-12-07 09:00:00,1,1.686288818359375,1.689,0.9,0.5,3.9,1023.5,1638835200.0
2021-12-07 09:00:00,2,1.68191455078125,1.673,0.9,0.5,3.9,1023.5,1638835200.0
2021-12-07 09:00:00,3,1.60158349609375,1.6280000000000001,0.9,0.5,3.9,1023.5,1638835200.0
2021-12-07 09:00:00,4,1.7257130126953126,1.6880000000000002,0.9,0.5,3.9,1023.5,1638835200.0
2021-12-07 09:00:00,5,1.7224385986328126,1.665,0.9,0.5,3.9,1023.5,1638835200.0
2021-12-07 10:00:00,1,4.042346435546875,3.987,3.3000000000000003,0.5,6.1,1023.6,1638838800.0
2021-12-07 10:00:00,2,3.8069077148437502,3.728,3.1,0.5,6.1,1023.6,1638838800.0
2021-12-07 10:00:00,3,3.918375732421875,3.905,3.2,0.5,6.1,1023.6,1638838800.0
2021-12-07 10:00:00,4,3.9694946289062494,3.886,3.2,0.5,6.1,1023.6,1638838800.0
2021-12-07 10:00:00,5,4.1398291015625,4.105,3.3000000000000003,0.5,6.1,1023.6,1638838800.0
2021-12-07 11:00:00,1,6.73566552734375,6.699,7.800000000000002,1.0,7.8,1023.6,1638842400.0
2021-12-07 11:00:00,2,6.90030810546875,6.831,7.6,1.0,7.8,1023.6,1638842400.0
2021-12-07 11:00:00,3,7.17276220703125,7.126,7.7,1.0,7.8,1023.6,1638842400.0
2021-12-07 11:00:00,4,7.40428369140625,7.303,7.6,1.0,7.8,1023.6,1638842400.0
2021-12-07 11:00:00,5,7.4360146484375,7.325,7.9,1.0,7.8,1023.6,1638842400.0
2021-12-07 12:00:00,1,13.2859912109375,13.234000000000002,20.1,0.5,8.7,1023.7,1638846000.0
2021-12-07 12:00:00,2,13.2310361328125,13.087,19.700000000000006,0.5,8.7,1023.7,1638846000.0
2021-12-07 12:00:00,3,13.32048828125,13.177999999999999,19.8,0.5,8.7,1023.7,1638846000.0
2021-12-07 12:00:00,4,13.3898798828125,13.24,19.9,0.5,8.7,1023.7,1638846000.0
2021-12-07 12:00:00,5,13.491376953125,13.360999999999999,20.1,0.5,8.7,1023.7,1638846000.0
2021-12-07 13:00:00,1,12.76841796875,12.715,33.300000000000004,1.5,9.0,1022.7,1638849600.0
2021-12-07 13:00:00,2,12.6990703125,12.554,32.7,1.5,9.0,1022.7,1638849600.0
2021-12-07 13:00:00,3,12.77348828125,12.644,32.9,1.5,9.0,1022.7,1638849600.0
2021-12-07 13:00:00,4,12.7674375,12.655999999999999,33.0,1.5,9.0,1022.7,1638849600.0
2021-12-07 13:00:00,5,12.8433798828125,12.770999999999999,33.300000000000004,1.5,9.0,1022.7,1638849600.0
2021-12-07 14:00:00,1,10.6804580078125,10.642999999999999,45.0,1.5,9.1,1021.7,1638853200.0
2021-12-07 14:00:00,2,10.6158798828125,10.514000000000001,44.3,1.5,9.1,1021.7,1638853200.0
2021-12-07 14:00:00,3,10.6776787109375,10.593,44.6,1.5,9.1,1021.7,1638853200.0
2021-12-07 14:00:00,4,10.670380859375,10.578,44.6,1.5,9.1,1021.7,1638853200.0
2021-12-07 14:00:00,5,10.7876298828125,10.68,45.1,1.5,9.1,1021.7,1638853200.0
2021-12-07 15:00:00,1,7.13926953125,7.136,53.90000000000001,2.6,9.2,1021.7,1638856800.0
2021-12-07 15:00:00,2,7.1456669921875005,7.077000000000001,53.2,2.6,9.2,1021.7,1638856800.0
2021-12-07 15:00:00,3,7.1893818359375015,7.1370000000000005,53.6,2.6,9.2,1021.7,1638856800.0
2021-12-07 15:00:00,4,7.1822822265625,7.127000000000001,53.6,2.6,9.2,1021.7,1638856800.0
2021-12-07 15:00:00,5,7.2381396484375005,7.188,54.2,2.6,9.2,1021.7,1638856800.0
2021-12-07 16:00:00,1,2.982422607421875,3.028,59.0,5.1,8.8,1021.8,1638860400.0
2021-12-07 16:00:00,2,2.681622802734375,2.676,58.2,5.1,8.8,1021.8,1638860400.0
2021-12-07 16:00:00,3,3.02928369140625,3.042,58.7,5.1,8.8,1021.8,1638860400.0
2021-12-07 16:00:00,4,3.054103271484375,3.045,58.7,5.1,8.8,1021.8,1638860400.0
2021-12-07 16:00:00,5,3.1118427734375,3.1010000000000004,59.3,5.1,8.8,1021.8,1638860400.0
2021-12-07 17:00:00,1,0.1238849105834961,0.182,60.40000000000001,5.1,6.2,1021.7,1638864000.0
2021-12-07 17:00:00,2,0.15392588806152346,0.179,59.40000000000001,5.1,6.2,1021.7,1638864000.0
2021-12-07 17:00:00,3,0.12239883422851562,0.17800000000000002,60.0,5.1,6.2,1021.7,1638864000.0
2021-12-07 17:00:00,4,0.17104716491699218,0.18,60.0,5.1,6.2,1021.7,1638864000.0
2021-12-07 17:00:00,5,0.17448342895507812,0.184,60.7,5.1,6.2,1021.7,1638864000.0
2021-12-07 18:00:00,1,1.8803002153830653e-39,0.0,60.40000000000001,3.1,5.2,1022.7,1638867600.0
2021-12-07 18:00:00,4,1.875459121552393e-39,0.0,60.0,3.1,5.2,1022.7,1638867600.0
2021-12-07 18:00:00,5,1.8838339089569107e-39,0.0,60.7,3.1,5.2,1022.7,1638867600.0
2021-12-07 18:00:00,2,1.8761934467892507e-39,0.0,59.40000000000001,3.1,5.2,1022.7,1638867600.0
2021-12-07 18:00:00,3,1.884698274691257e-39,0.0,60.0,3.1,5.2,1022.7,1638867600.0
2021-12-07 19:00:00,1,1.8803002153830653e-39,0.0,60.40000000000001,2.1,6.1,1022.7,1638871200.0
2021-12-07 19:00:00,4,1.875459121552393e-39,0.0,60.0,2.1,6.1,1022.7,1638871200.0
2021-12-07 19:00:00,5,1.8838339089569107e-39,0.0,60.7,2.1,6.1,1022.7,1638871200.0
2021-12-07 19:00:00,2,1.8761934467892507e-39,0.0,59.40000000000001,2.1,6.1,1022.7,1638871200.0
2021-12-07 19:00:00,3,1.884698274691257e-39,0.0,60.0,2.1,6.1,1022.7,1638871200.0
2021-12-07 20:00:00,1,1.8803002153830653e-39,0.0,60.40000000000001,1.5,5.4,1023.7,1638874800.0
2021-12-07 20:00:00,4,1.875459121552393e-39,0.0,60.0,1.5,5.4,1023.7,1638874800.0
2021-12-07 20:00:00,5,1.8838339089569107e-39,0.0,60.7,1.5,5.4,1023.7,1638874800.0
2021-12-07 20:00:00,2,1.8761934467892507e-39,0.0,59.40000000000001,1.5,5.4,1023.7,1638874800.0
2021-12-07 20:00:00,3,1.884698274691257e-39,0.0,60.0,1.5,5.4,1023.7,1638874800.0
2021-12-07 21:00:00,1,1.8803002153830653e-39,0.0,60.40000000000001,1.0,4.0,1024.7,1638878400.0
2021-12-07 21:00:00,4,1.875459121552393e-39,0.0,60.0,1.0,4.0,1024.7,1638878400.0
2021-12-07 21:00:00,5,1.8838339089569107e-39,0.0,60.7,1.0,4.0,1024.7,1638878400.0
2021-12-07 21:00:00,2,1.8761934467892507e-39,0.0,59.40000000000001,1.0,4.0,1024.7,1638878400.0
2021-12-07 21:00:00,3,1.884698274691257e-39,0.0,60.0,1.0,4.0,1024.7,1638878400.0
2021-12-07 22:00:00,1,1.8803002153830653e-39,0.0,60.40000000000001,1.0,3.3,1024.6,1638882000.0
2021-12-07 22:00:00,4,1.875459121552393e-39,0.0,60.0,1.0,3.3,1024.6,1638882000.0
2021-12-07 22:00:00,5,1.8838339089569107e-39,0.0,60.7,1.0,3.3,1024.6,1638882000.0
2021-12-07 22:00:00,2,1.8761934467892507e-39,0.0,59.40000000000001,1.0,3.3,1024.6,1638882000.0
2021-12-07 22:00:00,3,1.884698274691257e-39,0.0,60.0,1.0,3.3,1024.6,1638882000.0
2021-12-07 23:00:00,1,1.8803002153830653e-39,0.0,60.40000000000001,0.5,3.0,1024.6,1638885600.0
2021-12-07 23:00:00,4,1.875459121552393e-39,0.0,60.0,0.5,3.0,1024.6,1638885600.0
2021-12-07 23:00:00,5,1.8838339089569107e-39,0.0,60.7,0.5,3.0,1024.6,1638885600.0
2021-12-07 23:00:00,2,1.8761934467892507e-39,0.0,59.40000000000001,0.5,3.0,1024.6,1638885600.0
2021-12-07 23:00:00,3,1.884698274691257e-39,0.0,60.0,0.5,3.0,1024.6,1638885600.0
2021-12-08 00:00:00,1,0.0,0.0,0.0,0.5,2.7,1025.6,1638889200.0
2021-12-08 00:00:00,4,0.0,0.0,0.0,0.5,2.7,1025.6,1638889200.0
2021-12-08 00:00:00,5,0.0,0.0,0.0,0.5,2.7,1025.6,1638889200.0
2021-12-08 00:00:00,2,0.0,0.0,0.0,0.5,2.7,1025.6,1638889200.0
2021-12-08 00:00:00,3,0.0,0.0,0.0,0.5,2.7,1025.6,1638889200.0
2021-12-08 01:00:00,1,0.0,0.0,0.0,0.5,2.5,1025.6,1638892800.0
2021-12-08 01:00:00,4,0.0,0.0,0.0,0.5,2.5,1025.6,1638892800.0
2021-12-08 01:00:00,5,0.0,0.0,0.0,0.5,2.5,1025.6,1638892800.0
2021-12-08 01:00:00,2,0.0,0.0,0.0,0.5,2.5,1025.6,1638892800.0
2021-12-08 01:00:00,3,0.0,0.0,0.0,0.5,2.5,1025.6,1638892800.0
2021-12-08 02:00:00,1,0.0,0.0,0.0,0.5,2.3,1025.6,1638896400.0
2021-12-08 02:00:00,4,0.0,0.0,0.0,0.5,2.3,1025.6,1638896400.0
2021-12-08 02:00:00,5,0.0,0.0,0.0,0.5,2.3,1025.6,1638896400.0
2021-12-08 02:00:00,2,0.0,0.0,0.0,0.5,2.3,1025.6,1638896400.0
2021-12-08 02:00:00,3,0.0,0.0,0.0,0.5,2.3,1025.6,1638896400.0
2021-12-08 03:00:00,1,0.0,0.0,0.0,0.5,2.2,1025.6,1638900000.0
2021-12-08 03:00:00,4,0.0,0.0,0.0,0.5,2.2,1025.6,1638900000.0
2021-12-08 03:00:00,5,0.0,0.0,0.0,0.5,2.2,1025.6,1638900000.0
2021-12-08 03:00:00,2,0.0,0.0,0.0,0.5,2.2,1025.6,1638900000.0
2021-12-08 03:00:00,3,0.0,0.0,0.0,0.5,2.2,1025.6,1638900000.0
2021-12-08 04:00:00,1,0.0,0.0,0.0,1.0,1.6,1025.5,1638903600.0
2021-12-08 04:00:00,4,0.0,0.0,0.0,1.0,1.6,1025.5,1638903600.0
2021-12-08 04:00:00,5,0.0,0.0,0.0,1.0,1.6,1025.5,1638903600.0
2021-12-08 04:00:00,2,0.0,0.0,0.0,1.0,1.6,1025.5,1638903600.0
2021-12-08 04:00:00,3,0.0,0.0,0.0,1.0,1.6,1025.5,1638903600.0
2021-12-08 05:00:00,1,0.0,0.0,0.0,0.5,1.4,1026.5,1638907200.0
2021-12-08 05:00:00,4,0.0,0.0,0.0,0.5,1.4,1026.5,1638907200.0
2021-12-08 05:00:00,5,0.0,0.0,0.0,0.5,1.4,1026.5,1638907200.0
2021-12-08 05:00:00,2,0.0,0.0,0.0,0.5,1.4,1026.5,1638907200.0
2021-12-08 05:00:00,3,0.0,0.0,0.0,0.5,1.4,1026.5,1638907200.0
2021-12-08 06:00:00,1,0.0,0.0,0.0,0.5,1.2,1026.5,1638910800.0
2021-12-08 06:00:00,4,0.0,0.0,0.0,0.5,1.2,1026.5,1638910800.0
2021-12-08 06:00:00,5,0.0,0.0,0.0,0.5,1.2,1026.5,1638910800.0
2021-12-08 06:00:00,2,0.0,0.0,0.0,0.5,1.2,1026.5,1638910800.0
2021-12-08 06:00:00,3,0.0,0.0,0.0,0.5,1.2,1026.5,1638910800.0
2021-12-08 07:00:00,1,0.0,0.0,0.0,1.0,1.0,1026.5,1638914400.0
2021-12-08 07:00:00,4,0.0,0.0,0.0,1.0,1.0,1026.5,1638914400.0
2021-12-08 07:00:00,5,0.0,0.0,0.0,1.0,1.0,1026.5,1638914400.0
2021-12-08 07:00:00,2,0.0,0.0,0.0,1.0,1.0,1026.5,1638914400.0
2021-12-08 07:00:00,3,0.0,0.0,0.0,1.0,1.0,1026.5,1638914400.0
2021-12-08 08:00:00,1,0.5282518310546875,0.537,0.1,0.5,1.5,1027.5,1638918000.0
2021-12-08 08:00:00,2,0.527568359375,0.541,0.1,0.5,1.5,1027.5,1638918000.0
2021-12-08 08:00:00,3,0.4812137451171875,0.552,0.1,0.5,1.5,1027.5,1638918000.0
2021-12-08 08:00:00,4,0.5750496826171875,0.552,0.1,0.5,1.5,1027.5,1638918000.0
2021-12-08 08:00:00,5,0.5977659912109375,0.568,0.1,0.5,1.5,1027.5,1638918000.0
2021-12-08 09:00:00,1,2.2341953125000003,2.221,1.3,1.0,3.9,1028.5,1638921600.0
2021-12-08 09:00:00,2,2.21611376953125,2.171,1.3,1.0,3.9,1028.5,1638921600.0
2021-12-08 09:00:00,3,2.13657080078125,2.1630000000000003,1.3,1.0,3.9,1028.5,1638921600.0
2021-12-08 09:00:00,4,2.2388115234375,2.1630000000000003,1.3,1.0,3.9,1028.5,1638921600.0
2021-12-08 09:00:00,5,2.1470107421875,2.08,1.3,1.0,3.9,1028.5,1638921600.0
2021-12-08 10:00:00,1,4.12477197265625,4.087,4.4,0.5,6.3,1028.6,1638925200.0
2021-12-08 10:00:00,2,4.06975390625,4.005,4.4,0.5,6.3,1028.6,1638925200.0
2021-12-08 10:00:00,3,4.11480224609375,4.056,4.4,0.5,6.3,1028.6,1638925200.0
2021-12-08 10:00:00,4,4.1816455078125,4.071000000000001,4.4,0.5,6.3,1028.6,1638925200.0
2021-12-08 10:00:00,5,4.32408642578125,4.25,4.5,0.5,6.3,1028.6,1638925200.0
2021-12-08 11:00:00,1,13.3250673828125,13.218,13.1,1.0,7.9,1028.6,1638928800.0
2021-12-08 11:00:00,2,13.268740234375,13.097000000000001,12.9,1.0,7.9,1028.6,1638928800.0
2021-12-08 11:00:00,3,13.339681640625,13.200999999999999,13.1,1.0,7.9,1028.6,1638928800.0
2021-12-08 11:00:00,4,13.3650185546875,13.228,13.2,1.0,7.9,1028.6,1638928800.0
2021-12-08 11:00:00,5,13.422421875,13.285,13.5,1.0,7.9,1028.6,1638928800.0
2021-12-08 12:00:00,1,14.2665498046875,14.177,26.5,0.5,8.8,1028.7,1638932400.0
2021-12-08 12:00:00,2,14.2334091796875,14.046,26.200000000000006,0.5,8.8,1028.7,1638932400.0
2021-12-08 12:00:00,3,14.3154189453125,14.151,26.5,0.5,8.8,1028.7,1638932400.0
2021-12-08 12:00:00,4,14.2956533203125,14.181,26.700000000000006,0.5,8.8,1028.7,1638932400.0
2021-12-08 12:00:00,5,14.441970703125,14.296,27.0,0.5,8.8,1028.7,1638932400.0
2021-12-08 13:00:00,1,13.178837890625,13.137,40.2,1.0,9.3,1027.7,1638936000.0
2021-12-08 13:00:00,2,13.1509638671875,12.995,39.8,1.0,9.3,1027.7,1638936000.0
2021-12-08 13:00:00,3,13.18259765625,13.06,40.2,1.0,9.3,1027.7,1638936000.0
2021-12-08 13:00:00,4,13.1766181640625,13.085999999999999,40.3,1.0,9.3,1027.7,1638936000.0
2021-12-08 13:00:00,5,13.323455078125,13.213,40.8,1.0,9.3,1027.7,1638936000.0
2021-12-08 14:00:00,1,11.2475712890625,11.235999999999999,52.6,2.1,9.5,1027.7,1638939600.0
2021-12-08 14:00:00,2,11.2242021484375,11.1,52.1,2.1,9.5,1027.7,1638939600.0
2021-12-08 14:00:00,3,11.2497021484375,11.175999999999998,52.5,2.1,9.5,1027.7,1638939600.0
2021-12-08 14:00:00,4,11.234794921875,11.155,52.7,2.1,9.5,1027.7,1638939600.0
2021-12-08 14:00:00,5,11.288859375,11.214,53.3,2.1,9.5,1027.7,1638939600.0
2021-12-08 15:00:00,1,7.7083027343750015,7.723,62.40000000000001,1.5,9.2,1026.7,1638943200.0
2021-12-08 15:00:00,2,8.033129394531251,7.955,61.90000000000001,1.5,9.2,1026.7,1638943200.0
2021-12-08 15:00:00,3,7.8549013671875,7.82,62.3,1.5,9.2,1026.7,1638943200.0
2021-12-08 15:00:00,4,8.114431640625,8.062999999999999,62.6,1.5,9.2,1026.7,1638943200.0
2021-12-08 15:00:00,5,8.08382763671875,8.016,63.2,1.5,9.2,1026.7,1638943200.0
2021-12-08 16:00:00,1,3.755888671875,3.775,68.4,1.5,8.6,1026.7,1638946800.0
2021-12-08 16:00:00,2,3.101998291015625,3.1069999999999998,67.7,1.5,8.6,1026.7,1638946800.0
2021-12-08 16:00:00,3,3.80106201171875,3.8089999999999997,68.3,1.5,8.6,1026.7,1638946800.0
2021-12-08 16:00:00,4,3.8457175292968753,3.802,68.5,1.5,8.6,1026.7,1638946800.0
2021-12-08 16:00:00,5,3.868171875,3.853,69.2,1.5,8.6,1026.7,1638946800.0
2021-12-08 17:00:00,1,0.11027970886230468,0.16699999999999998,69.9,1.0,5.5,1026.7,1638950400.0
2021-12-08 17:00:00,2,0.1414097442626953,0.166,68.9,1.0,5.5,1026.7,1638950400.0
2021-12-08 17:00:00,3,0.1076758499145508,0.166,69.8,1.0,5.5,1026.7,1638950400.0
2021-12-08 17:00:00,4,0.16017535400390626,0.168,70.0,1.0,5.5,1026.7,1638950400.0
2021-12-08 17:00:00,5,0.16164878845214845,0.168,70.8,1.0,5.5,1026.7,1638950400.0
2021-12-08 18:00:00,1,1.8817753230401034e-39,0.0,69.9,1.0,4.1,1026.7,1638954000.0
2021-12-08 18:00:00,4,1.8801445255184856e-39,0.0,70.0,1.0,4.1,1026.7,1638954000.0
2021-12-08 18:00:00,5,1.875274912461467e-39,0.0,70.8,1.0,4.1,1026.7,1638954000.0
2021-12-08 18:00:00,2,1.8797414896593698e-39,0.0,68.9,1.0,4.1,1026.7,1638954000.0
2021-12-08 18:00:00,3,1.881513807115497e-39,0.0,69.8,1.0,4.1,1026.7,1638954000.0
2021-12-08 19:00:00,1,1.8817753230401034e-39,0.0,69.9,0.5,3.5,1027.6,1638957600.0
2021-12-08 19:00:00,4,1.8801445255184856e-39,0.0,70.0,0.5,3.5,1027.6,1638957600.0
2021-12-08 19:00:00,5,1.875274912461467e-39,0.0,70.8,0.5,3.5,1027.6,1638957600.0
2021-12-08 19:00:00,2,1.8797414896593698e-39,0.0,68.9,0.5,3.5,1027.6,1638957600.0
2021-12-08 19:00:00,3,1.881513807115497e-39,0.0,69.8,0.5,3.5,1027.6,1638957600.0
2021-12-08 20:00:00,1,1.8817753230401034e-39,0.0,69.9,1.0,3.1,1027.6,1638961200.0
2021-12-08 20:00:00,4,1.8801445255184856e-39,0.0,70.0,1.0,3.1,1027.6,1638961200.0
2021-12-08 20:00:00,5,1.875274912461467e-39,0.0,70.8,1.0,3.1,1027.6,1638961200.0
2021-12-08 20:00:00,2,1.8797414896593698e-39,0.0,68.9,1.0,3.1,1027.6,1638961200.0
2021-12-08 20:00:00,3,1.881513807115497e-39,0.0,69.8,1.0,3.1,1027.6,1638961200.0
2021-12-08 21:00:00,1,1.8817753230401034e-39,0.0,69.9,0.5,2.8,1027.6,1638964800.0
2021-12-08 21:00:00,4,1.8801445255184856e-39,0.0,70.0,0.5,2.8,1027.6,1638964800.0
2021-12-08 21:00:00,5,1.875274912461467e-39,0.0,70.8,0.5,2.8,1027.6,1638964800.0
2021-12-08 21:00:00,2,1.8797414896593698e-39,0.0,68.9,0.5,2.8,1027.6,1638964800.0
2021-12-08 21:00:00,3,1.881513807115497e-39,0.0,69.8,0.5,2.8,1027.6,1638964800.0
2021-12-08 22:00:00,1,1.8817753230401034e-39,0.0,69.9,2.22,2.5,1027.6,1638968400.0
2021-12-08 22:00:00,4,1.8801445255184856e-39,0.0,70.0,2.22,2.5,1027.6,1638968400.0
2021-12-08 22:00:00,5,1.875274912461467e-39,0.0,70.8,2.22,2.5,1027.6,1638968400.0
2021-12-08 22:00:00,2,1.8797414896593698e-39,0.0,68.9,2.22,2.5,1027.6,1638968400.0
2021-12-08 22:00:00,3,1.881513807115497e-39,0.0,69.8,2.22,2.5,1027.6,1638968400.0
2021-12-08 23:00:00,1,1.8817753230401034e-39,0.0,69.9,0.5,2.4,1028.6,1638972000.0
2021-12-08 23:00:00,4,1.8801445255184856e-39,0.0,70.0,0.5,2.4,1028.6,1638972000.0
2021-12-08 23:00:00,5,1.875274912461467e-39,0.0,70.8,0.5,2.4,1028.6,1638972000.0
2021-12-08 23:00:00,2,1.8797414896593698e-39,0.0,68.9,0.5,2.4,1028.6,1638972000.0
2021-12-08 23:00:00,3,1.881513807115497e-39,0.0,69.8,0.5,2.4,1028.6,1638972000.0
2021-12-09 00:00:00,1,0.0,0.0,0.0,0.5,2.7,1028.6,1638975600.0
2021-12-09 00:00:00,4,0.0,0.0,0.0,0.5,2.7,1028.6,1638975600.0
2021-12-09 00:00:00,5,0.0,0.0,0.0,0.5,2.7,1028.6,1638975600.0
2021-12-09 00:00:00,2,0.0,0.0,0.0,0.5,2.7,1028.6,1638975600.0
2021-12-09 00:00:00,3,0.0,0.0,0.0,0.5,2.7,1028.6,1638975600.0
2021-12-09 01:00:00,1,0.0,0.0,0.0,0.5,2.7,1027.6,1638979200.0
2021-12-09 01:00:00,4,0.0,0.0,0.0,0.5,2.7,1027.6,1638979200.0
2021-12-09 01:00:00,5,0.0,0.0,0.0,0.5,2.7,1027.6,1638979200.0
2021-12-09 01:00:00,2,0.0,0.0,0.0,0.5,2.7,1027.6,1638979200.0
2021-12-09 01:00:00,3,0.0,0.0,0.0,0.5,2.7,1027.6,1638979200.0
2021-12-09 02:00:00,1,0.0,0.0,0.0,1.0,2.8,1027.5,1638982800.0
2021-12-09 02:00:00,4,0.0,0.0,0.0,1.0,2.8,1027.5,1638982800.0
2021-12-09 02:00:00,5,0.0,0.0,0.0,1.0,2.8,1027.5,1638982800.0
2021-12-09 02:00:00,2,0.0,0.0,0.0,1.0,2.8,1027.5,1638982800.0
2021-12-09 02:00:00,3,0.0,0.0,0.0,1.0,2.8,1027.5,1638982800.0
2021-12-09 03:00:00,1,0.0,0.0,0.0,0.5,2.9,1027.5,1638986400.0
2021-12-09 03:00:00,4,0.0,0.0,0.0,0.5,2.9,1027.5,1638986400.0
2021-12-09 03:00:00,5,0.0,0.0,0.0,0.5,2.9,1027.5,1638986400.0
2021-12-09 03:00:00,2,0.0,0.0,0.0,0.5,2.9,1027.5,1638986400.0
2021-12-09 03:00:00,3,0.0,0.0,0.0,0.5,2.9,1027.5,1638986400.0
2021-12-09 04:00:00,1,0.0,0.0,0.0,0.5,3.0,1027.5,1638990000.0
2021-12-09 04:00:00,4,0.0,0.0,0.0,0.5,3.0,1027.5,1638990000.0
2021-12-09 04:00:00,5,0.0,0.0,0.0,0.5,3.0,1027.5,1638990000.0
2021-12-09 04:00:00,2,0.0,0.0,0.0,0.5,3.0,1027.5,1638990000.0
2021-12-09 04:00:00,3,0.0,0.0,0.0,0.5,3.0,1027.5,1638990000.0
2021-12-09 05:00:00,1,0.0,0.0,0.0,0.5,2.8,1027.5,1638993600.0
2021-12-09 05:00:00,4,0.0,0.0,0.0,0.5,2.8,1027.5,1638993600.0
2021-12-09 05:00:00,5,0.0,0.0,0.0,0.5,2.8,1027.5,1638993600.0
2021-12-09 05:00:00,2,0.0,0.0,0.0,0.5,2.8,1027.5,1638993600.0
2021-12-09 05:00:00,3,0.0,0.0,0.0,0.5,2.8,1027.5,1638993600.0
2021-12-09 06:00:00,1,0.0,0.0,0.0,1.0,2.7,1027.5,1638997200.0
2021-12-09 06:00:00,4,0.0,0.0,0.0,1.0,2.7,1027.5,1638997200.0
2021-12-09 06:00:00,5,0.0,0.0,0.0,1.0,2.7,1027.5,1638997200.0
2021-12-09 06:00:00,2,0.0,0.0,0.0,1.0,2.7,1027.5,1638997200.0
2021-12-09 06:00:00,3,0.0,0.0,0.0,1.0,2.7,1027.5,1638997200.0
2021-12-09 07:00:00,1,0.0,0.0,0.0,0.5,2.3,1027.5,1639000800.0
2021-12-09 07:00:00,4,0.0,0.0,0.0,0.5,2.3,1027.5,1639000800.0
2021-12-09 07:00:00,5,0.0,0.0,0.0,0.5,2.3,1027.5,1639000800.0
2021-12-09 07:00:00,2,0.0,0.0,0.0,0.5,2.3,1027.5,1639000800.0
2021-12-09 07:00:00,3,0.0,0.0,0.0,0.5,2.3,1027.5,1639000800.0
2021-12-09 08:00:00,1,0.48572314453125,0.495,0.1,0.5,2.7,1027.5,1639004400.0
2021-12-09 08:00:00,2,0.4722896118164063,0.483,0.1,0.5,2.7,1027.5,1639004400.0
2021-12-09 08:00:00,3,0.4264486999511719,0.491,0.1,0.5,2.7,1027.5,1639004400.0
2021-12-09 08:00:00,4,0.522631103515625,0.498,0.1,0.5,2.7,1027.5,1639004400.0
2021-12-09 08:00:00,5,0.5403696899414062,0.516,0.1,0.5,2.7,1027.5,1639004400.0
2021-12-09 09:00:00,1,4.0648818359375,4.011,1.7000000000000002,0.5,5.2,1027.5,1639008000.0
2021-12-09 09:00:00,2,4.039363525390625,3.935,1.6,0.5,5.2,1027.5,1639008000.0
2021-12-09 09:00:00,3,3.91358740234375,3.885,1.6,0.5,5.2,1027.5,1639008000.0
2021-12-09 09:00:00,4,4.048846923828125,3.928,1.7000000000000002,0.5,5.2,1027.5,1639008000.0
2021-12-09 09:00:00,5,3.948769775390625,3.84,1.7000000000000002,0.5,5.2,1027.5,1639008000.0
2021-12-09 10:00:00,1,10.0599306640625,9.927999999999999,5.6000000000000005,1.0,7.5,1028.5,1639011600.0
2021-12-09 10:00:00,2,9.13948046875,9.076,5.5,1.0,7.5,1028.5,1639011600.0
2021-12-09 10:00:00,3,8.05618896484375,8.095,5.5,1.0,7.5,1028.5,1639011600.0
2021-12-09 10:00:00,4,8.03329052734375,8.088,5.6000000000000005,1.0,7.5,1028.5,1639011600.0
2021-12-09 10:00:00,5,7.18233984375,7.1610000000000005,5.6000000000000005,1.0,7.5,1028.5,1639011600.0
2021-12-09 11:00:00,1,12.6725771484375,12.595,14.0,1.5,9.1,1028.6,1639015200.0
2021-12-09 11:00:00,2,12.63111328125,12.440999999999999,13.8,1.5,9.1,1028.6,1639015200.0
2021-12-09 11:00:00,3,12.7860048828125,12.623,13.9,1.5,9.1,1028.6,1639015200.0
2021-12-09 11:00:00,4,12.8846982421875,12.697000000000001,14.1,1.5,9.1,1028.6,1639015200.0
2021-12-09 11:00:00,5,13.0471328125,12.852,14.1,1.5,9.1,1028.6,1639015200.0
2021-12-09 12:00:00,1,6.16607080078125,6.14,23.0,1.0,9.6,1027.6,1639018800.0
2021-12-09 12:00:00,2,6.0840712890625,6.046,22.700000000000006,1.0,9.6,1027.6,1639018800.0
2021-12-09 12:00:00,3,6.10135400390625,6.079,22.9,1.0,9.6,1027.6,1639018800.0
2021-12-09 12:00:00,4,6.1516123046875,6.09,23.1,1.0,9.6,1027.6,1639018800.0
2021-12-09 12:00:00,5,6.194232421875,6.138999999999999,23.200000000000006,1.0,9.6,1027.6,1639018800.0
2021-12-09 13:00:00,1,10.5821923828125,10.583,35.4,1.0,10.2,1026.6,1639022400.0
2021-12-09 13:00:00,2,10.517455078125,10.419,35.0,1.0,10.2,1026.6,1639022400.0
2021-12-09 13:00:00,3,10.552048828125,10.5,35.30000000000001,1.0,10.2,1026.6,1639022400.0
2021-12-09 13:00:00,4,10.5379677734375,10.479000000000001,35.5,1.0,10.2,1026.6,1639022400.0
2021-12-09 13:00:00,5,10.688171875,10.613,35.7,1.0,10.2,1026.6,1639022400.0
2021-12-09 14:00:00,1,4.2683310546875,4.306,42.5,0.5,10.2,1025.7,1639026000.0
2021-12-09 14:00:00,2,4.259267578125,4.206,42.0,0.5,10.2,1025.7,1639026000.0
2021-12-09 14:00:00,3,4.2788134765625,4.266,42.3,0.5,10.2,1025.7,1639026000.0
2021-12-09 14:00:00,4,4.33573388671875,4.281000000000001,42.5,0.5,10.2,1025.7,1639026000.0
2021-12-09 14:00:00,5,4.3557587890625005,4.325,42.90000000000001,0.5,10.2,1025.7,1639026000.0
2021-12-09 15:00:00,1,1.911946166992188,1.942,45.1,2.1,9.8,1024.7,1639029600.0
2021-12-09 15:00:00,2,1.9239805908203125,1.919,44.6,2.1,9.8,1024.7,1639029600.0
2021-12-09 15:00:00,3,1.904786376953125,1.9369999999999998,44.90000000000001,2.1,9.8,1024.7,1639029600.0
2021-12-09 15:00:00,4,1.9640771484375,1.949,45.1,2.1,9.8,1024.7,1639029600.0
2021-12-09 15:00:00,5,1.9920087890625,1.973,45.5,2.1,9.8,1024.7,1639029600.0
2021-12-09 16:00:00,1,1.301902099609375,1.338,47.5,1.5,8.8,1023.7,1639033200.0
2021-12-09 16:00:00,2,1.31891357421875,1.319,46.90000000000001,1.5,8.8,1023.7,1639033200.0
2021-12-09 16:00:00,3,1.2893870849609377,1.325,47.3,1.5,8.8,1023.7,1639033200.0
2021-12-09 16:00:00,4,1.34440283203125,1.339,47.5,1.5,8.8,1023.7,1639033200.0
2021-12-09 16:00:00,5,1.3573798828125,1.3430000000000002,47.90000000000001,1.5,8.8,1023.7,1639033200.0
2021-12-09 17:00:00,1,0.012595814704895021,0.057,48.1,1.5,7.4,1023.7,1639036800.0
2021-12-09 17:00:00,2,0.03490412902832031,0.057,47.40000000000001,1.5,7.4,1023.7,1639036800.0
2021-12-09 17:00:00,3,0.0038875322341918954,0.055,47.8,1.5,7.4,1023.7,1639036800.0
2021-12-09 17:00:00,4,0.050823936462402346,0.055999999999999994,48.0,1.5,7.4,1023.7,1639036800.0
2021-12-09 17:00:00,5,0.04953815841674805,0.055,48.40000000000001,1.5,7.4,1023.7,1639036800.0
2021-12-09 18:00:00,1,1.884361424961209e-39,0.0,48.1,1.5,6.5,1023.7,1639040400.0
2021-12-09 18:00:00,4,1.8808237853308886e-39,0.0,48.0,1.5,6.5,1023.7,1639040400.0
2021-12-09 18:00:00,2,1.8751509704148948e-39,0.0,47.40000000000001,1.5,6.5,1023.7,1639040400.0
2021-12-09 18:00:00,5,5.850664840539804e-34,0.0,48.40000000000001,1.5,6.5,1023.7,1639040400.0
2021-12-09 18:00:00,3,1.8744137753187827e-39,0.0,47.8,1.5,6.5,1023.7,1639040400.0
2021-12-09 19:00:00,1,1.884361424961209e-39,0.0,48.1,1.0,5.7,1023.7,1639044000.0
2021-12-09 19:00:00,4,1.8808237853308886e-39,0.0,48.0,1.0,5.7,1023.7,1639044000.0
2021-12-09 19:00:00,2,1.8751509704148948e-39,0.0,47.40000000000001,1.0,5.7,1023.7,1639044000.0
2021-12-09 19:00:00,5,5.850664840539804e-34,0.0,48.40000000000001,1.0,5.7,1023.7,1639044000.0
2021-12-09 19:00:00,3,1.8744137753187827e-39,0.0,47.8,1.0,5.7,1023.7,1639044000.0
2021-12-09 20:00:00,1,1.884361424961209e-39,0.0,48.1,1.0,6.1,1023.7,1639047600.0
2021-12-09 20:00:00,4,1.8808237853308886e-39,0.0,48.0,1.0,6.1,1023.7,1639047600.0
2021-12-09 20:00:00,2,1.8751509704148948e-39,0.0,47.40000000000001,1.0,6.1,1023.7,1639047600.0
2021-12-09 20:00:00,5,5.850664840539804e-34,0.0,48.40000000000001,1.0,6.1,1023.7,1639047600.0
2021-12-09 20:00:00,3,1.8744137753187827e-39,0.0,47.8,1.0,6.1,1023.7,1639047600.0
2021-12-09 21:00:00,1,1.884361424961209e-39,0.0,48.1,0.5,6.0,1023.7,1639051200.0
2021-12-09 21:00:00,4,1.8808237853308886e-39,0.0,48.0,0.5,6.0,1023.7,1639051200.0
2021-12-09 21:00:00,2,1.8751509704148948e-39,0.0,47.40000000000001,0.5,6.0,1023.7,1639051200.0
2021-12-09 21:00:00,5,5.850664840539804e-34,0.0,48.40000000000001,0.5,6.0,1023.7,1639051200.0
2021-12-09 21:00:00,3,1.8744137753187827e-39,0.0,47.8,0.5,6.0,1023.7,1639051200.0
2021-12-09 22:00:00,1,1.884361424961209e-39,0.0,48.1,0.5,5.8,1022.6,1639054800.0
2021-12-09 22:00:00,4,1.8808237853308886e-39,0.0,48.0,0.5,5.8,1022.6,1639054800.0
2021-12-09 22:00:00,2,1.8751509704148948e-39,0.0,47.40000000000001,0.5,5.8,1022.6,1639054800.0
2021-12-09 22:00:00,5,5.850664840539804e-34,0.0,48.40000000000001,0.5,5.8,1022.6,1639054800.0
2021-12-09 22:00:00,3,1.8744137753187827e-39,0.0,47.8,0.5,5.8,1022.6,1639054800.0
2021-12-09 23:00:00,1,1.884361424961209e-39,0.0,48.1,0.5,5.0,1023.6,1639058400.0
2021-12-09 23:00:00,4,1.8808237853308886e-39,0.0,48.0,0.5,5.0,1023.6,1639058400.0
2021-12-09 23:00:00,2,1.8751509704148948e-39,0.0,47.40000000000001,0.5,5.0,1023.6,1639058400.0
2021-12-09 23:00:00,5,5.850664840539804e-34,0.0,48.40000000000001,0.5,5.0,1023.6,1639058400.0
2021-12-09 23:00:00,3,1.8744137753187827e-39,0.0,47.8,0.5,5.0,1023.6,1639058400.0
2021-12-10 00:00:00,1,0.0,0.0,0.0,,,,
2021-12-10 00:00:00,4,0.0,0.0,0.0,,,,
2021-12-10 00:00:00,2,0.0,0.0,0.0,,,,
2021-12-10 00:00:00,5,0.0,0.0,0.0,,,,
2021-12-10 00:00:00,3,0.0,0.0,0.0,,,,
2021-12-10 01:00:00,1,0.0,0.0,0.0,,,,
2021-12-10 01:00:00,4,0.0,0.0,0.0,,,,
2021-12-10 01:00:00,2,0.0,0.0,0.0,,,,
2021-12-10 01:00:00,5,0.0,0.0,0.0,,,,
2021-12-10 01:00:00,3,0.0,0.0,0.0,,,,
2021-12-10 02:00:00,1,0.0,0.0,0.0,,,,
2021-12-10 02:00:00,4,0.0,0.0,0.0,,,,
2021-12-10 02:00:00,2,0.0,0.0,0.0,,,,
2021-12-10 02:00:00,5,0.0,0.0,0.0,,,,
2021-12-10 02:00:00,3,0.0,0.0,0.0,,,,
2021-12-10 03:00:00,1,0.0,0.0,0.0,,,,
2021-12-10 03:00:00,4,0.0,0.0,0.0,,,,
2021-12-10 03:00:00,2,0.0,0.0,0.0,,,,
2021-12-10 03:00:00,5,0.0,0.0,0.0,,,,
2021-12-10 03:00:00,3,0.0,0.0,0.0,,,,
2021-12-10 04:00:00,1,0.0,0.0,0.0,,,,
2021-12-10 04:00:00,4,0.0,0.0,0.0,,,,
2021-12-10 04:00:00,2,0.0,0.0,0.0,,,,
2021-12-10 04:00:00,5,0.0,0.0,0.0,,,,
2021-12-10 04:00:00,3,0.0,0.0,0.0,,,,
2021-12-10 05:00:00,1,0.0,0.0,0.0,,,,
2021-12-10 05:00:00,4,0.0,0.0,0.0,,,,
2021-12-10 05:00:00,2,0.0,0.0,0.0,,,,
2021-12-10 05:00:00,5,0.0,0.0,0.0,,,,
2021-12-10 05:00:00,3,0.0,0.0,0.0,,,,
2021-12-10 06:00:00,1,0.0,0.0,0.0,,,,
2021-12-10 06:00:00,4,0.0,0.0,0.0,,,,
2021-12-10 06:00:00,2,0.0,0.0,0.0,,,,
2021-12-10 06:00:00,5,0.0,0.0,0.0,,,,
2021-12-10 06:00:00,3,0.0,0.0,0.0,,,,
2021-12-10 07:00:00,1,0.0,0.0,0.0,,,,
2021-12-10 07:00:00,4,0.0,0.0,0.0,,,,
2021-12-10 07:00:00,2,0.0,0.0,0.0,,,,
2021-12-10 07:00:00,5,0.0,0.0,0.0,,,,
2021-12-10 07:00:00,3,0.0,0.0,0.0,,,,
2021-12-10 08:00:00,1,0.4062303466796875,0.428,0.1,,,,
2021-12-10 08:00:00,2,0.4038664245605469,0.434,0.1,,,,
2021-12-10 08:00:00,3,0.3562182922363281,0.42200000000000004,0.0,,,,
2021-12-10 08:00:00,4,0.4295791320800781,0.431,0.1,,,,
2021-12-10 08:00:00,5,0.43911376953125,0.426,0.1,,,,
2021-12-10 09:00:00,1,2.733433349609375,2.72,1.3,,,,
2021-12-10 09:00:00,2,2.776316650390625,2.7319999999999998,1.3,,,,
2021-12-10 09:00:00,3,2.77286181640625,2.785,1.3,,,,
2021-12-10 09:00:00,4,2.8907490234375,2.8369999999999997,1.3,,,,
2021-12-10 09:00:00,5,2.914202880859375,2.8289999999999997,1.3,,,,
2021-12-10 10:00:00,1,12.616986328125,12.482999999999999,5.2,,,,
2021-12-10 10:00:00,2,12.0824921875,11.867,5.1000000000000005,,,,
2021-12-10 10:00:00,3,10.6178662109375,10.536,5.2,,,,
2021-12-10 10:00:00,4,10.4293408203125,10.185,5.300000000000002,,,,
2021-12-10 10:00:00,5,10.3176171875,10.089,5.4,,,,
2021-12-10 11:00:00,1,5.44244384765625,5.441,12.1,,,,
2021-12-10 11:00:00,2,5.45062353515625,5.3870000000000005,12.0,,,,
2021-12-10 11:00:00,3,5.4424169921875,5.428999999999999,12.1,,,,
2021-12-10 11:00:00,4,5.48987158203125,5.42,12.3,,,,
2021-12-10 11:00:00,5,5.477560546875,5.41,12.4,,,,
2021-12-10 12:00:00,1,1.8055576171875,1.835,15.9,,,,
2021-12-10 12:00:00,2,1.8226759033203128,1.82,15.7,,,,
2021-12-10 12:00:00,3,1.7943128662109376,1.8219999999999998,15.9,,,,
2021-12-10 12:00:00,4,1.8486820068359373,1.8359999999999999,16.1,,,,
2021-12-10 12:00:00,5,1.8595426025390625,1.8430000000000002,16.3,,,,
2021-12-10 13:00:00,1,2.7125009765625,2.714,18.3,,,,
2021-12-10 13:00:00,2,2.706741943359375,2.68,18.1,,,,
2021-12-10 13:00:00,3,2.671305908203125,2.696,18.3,,,,
2021-12-10 13:00:00,4,2.734111572265625,2.7039999999999997,18.4,,,,
2021-12-10 13:00:00,5,2.755574462890625,2.718,18.6,,,,
2021-12-10 14:00:00,1,1.2335876464843751,1.274,19.8,,,,
2021-12-10 14:00:00,2,1.249763916015625,1.261,19.6,,,,
2021-12-10 14:00:00,3,1.225297607421875,1.273,19.8,,,,
2021-12-10 14:00:00,4,1.2783565673828126,1.265,20.0,,,,
2021-12-10 14:00:00,5,1.297429443359375,1.291,20.200000000000006,,,,
2021-12-10 15:00:00,1,1.4494295654296876,1.476,21.3,,,,
2021-12-10 15:00:00,2,1.4679229736328123,1.4769999999999999,21.0,,,,
2021-12-10 15:00:00,3,1.4374041748046875,1.489,21.200000000000006,,,,
2021-12-10 15:00:00,4,1.490385009765625,1.476,21.4,,,,
2021-12-10 15:00:00,5,1.5031090087890626,1.4880000000000002,21.6,,,,
2021-12-10 16:00:00,1,1.341130126953125,1.374,23.3,,,,
2021-12-10 16:00:00,2,1.3543387451171875,1.3719999999999999,23.1,,,,
2021-12-10 16:00:00,3,1.3375177001953125,1.385,23.3,,,,
2021-12-10 16:00:00,4,1.3904781494140626,1.3719999999999999,23.5,,,,
2021-12-10 16:00:00,5,1.4172235107421876,1.403,23.700000000000006,,,,
2021-12-10 17:00:00,1,0.04422697067260743,0.09300000000000001,24.1,,,,
2021-12-10 17:00:00,2,0.06735057830810548,0.087,23.9,,,,
2021-12-10 17:00:00,3,0.03403729248046875,0.091,24.1,,,,
2021-12-10 17:00:00,4,0.08401119232177734,0.09,24.3,,,,
2021-12-10 17:00:00,5,0.08356260681152344,0.087,24.6,,,,
